漢字,種別
一,教育漢字
一,常用漢字
一,名前に使える漢字
音,教育漢字
音,常用漢字
音,名前に使える漢字
雨,教育漢字
雨,常用漢字
雨,名前に使える漢字
円,教育漢字
円,常用漢字
円,名前に使える漢字
王,教育漢字
王,常用漢字
王,名前に使える漢字
火,教育漢字
火,常用漢字
火,名前に使える漢字
花,教育漢字
花,常用漢字
花,名前に使える漢字
貝,教育漢字
貝,常用漢字
貝,名前に使える漢字
学,教育漢字
学,常用漢字
学,名前に使える漢字
休,教育漢字
休,常用漢字
休,名前に使える漢字
九,教育漢字
九,常用漢字
九,名前に使える漢字
玉,教育漢字
玉,常用漢字
玉,名前に使える漢字
空,教育漢字
空,常用漢字
空,名前に使える漢字
気,教育漢字
気,常用漢字
気,名前に使える漢字
下,教育漢字
下,常用漢字
下,名前に使える漢字
月,教育漢字
月,常用漢字
月,名前に使える漢字
見,教育漢字
見,常用漢字
見,名前に使える漢字
犬,教育漢字
犬,常用漢字
犬,名前に使える漢字
五,教育漢字
五,常用漢字
五,名前に使える漢字
口,教育漢字
口,常用漢字
口,名前に使える漢字
校,教育漢字
校,常用漢字
校,名前に使える漢字
金,教育漢字
金,常用漢字
金,名前に使える漢字
左,教育漢字
左,常用漢字
左,名前に使える漢字
三,教育漢字
三,常用漢字
三,名前に使える漢字
山,教育漢字
山,常用漢字
山,名前に使える漢字
四,教育漢字
四,常用漢字
四,名前に使える漢字
子,教育漢字
子,常用漢字
子,名前に使える漢字
糸,教育漢字
糸,常用漢字
糸,名前に使える漢字
字,教育漢字
字,常用漢字
字,名前に使える漢字
耳,教育漢字
耳,常用漢字
耳,名前に使える漢字
七,教育漢字
七,常用漢字
七,名前に使える漢字
車,教育漢字
車,常用漢字
車,名前に使える漢字
手,教育漢字
手,常用漢字
手,名前に使える漢字
十,教育漢字
十,常用漢字
十,名前に使える漢字
出,教育漢字
出,常用漢字
出,名前に使える漢字
女,教育漢字
女,常用漢字
女,名前に使える漢字
小,教育漢字
小,常用漢字
小,名前に使える漢字
正,教育漢字
正,常用漢字
正,名前に使える漢字
上,教育漢字
上,常用漢字
上,名前に使える漢字
森,教育漢字
森,常用漢字
森,名前に使える漢字
人,教育漢字
人,常用漢字
人,名前に使える漢字
水,教育漢字
水,常用漢字
水,名前に使える漢字
生,教育漢字
生,常用漢字
生,名前に使える漢字
青,教育漢字
青,常用漢字
青,名前に使える漢字
赤,教育漢字
赤,常用漢字
赤,名前に使える漢字
石,教育漢字
石,常用漢字
石,名前に使える漢字
夕,教育漢字
夕,常用漢字
夕,名前に使える漢字
千,教育漢字
千,常用漢字
千,名前に使える漢字
先,教育漢字
先,常用漢字
先,名前に使える漢字
川,教育漢字
川,常用漢字
川,名前に使える漢字
草,教育漢字
草,常用漢字
草,名前に使える漢字
早,教育漢字
早,常用漢字
早,名前に使える漢字
足,教育漢字
足,常用漢字
足,名前に使える漢字
村,教育漢字
村,常用漢字
村,名前に使える漢字
大,教育漢字
大,常用漢字
大,名前に使える漢字
男,教育漢字
男,常用漢字
男,名前に使える漢字
竹,教育漢字
竹,常用漢字
竹,名前に使える漢字
虫,教育漢字
虫,常用漢字
虫,名前に使える漢字
中,教育漢字
中,常用漢字
中,名前に使える漢字
町,教育漢字
町,常用漢字
町,名前に使える漢字
天,教育漢字
天,常用漢字
天,名前に使える漢字
田,教育漢字
田,常用漢字
田,名前に使える漢字
土,教育漢字
土,常用漢字
土,名前に使える漢字
二,教育漢字
二,常用漢字
二,名前に使える漢字
日,教育漢字
日,常用漢字
日,名前に使える漢字
入,教育漢字
入,常用漢字
入,名前に使える漢字
年,教育漢字
年,常用漢字
年,名前に使える漢字
白,教育漢字
白,常用漢字
白,名前に使える漢字
八,教育漢字
八,常用漢字
八,名前に使える漢字
百,教育漢字
百,常用漢字
百,名前に使える漢字
本,教育漢字
本,常用漢字
本,名前に使える漢字
名,教育漢字
名,常用漢字
名,名前に使える漢字
木,教育漢字
木,常用漢字
木,名前に使える漢字
目,教育漢字
目,常用漢字
目,名前に使える漢字
文,教育漢字
文,常用漢字
文,名前に使える漢字
右,教育漢字
右,常用漢字
右,名前に使える漢字
力,教育漢字
力,常用漢字
力,名前に使える漢字
立,教育漢字
立,常用漢字
立,名前に使える漢字
林,教育漢字
林,常用漢字
林,名前に使える漢字
六,教育漢字
六,常用漢字
六,名前に使える漢字
引,教育漢字
引,常用漢字
引,名前に使える漢字
羽,教育漢字
羽,常用漢字
羽,名前に使える漢字
雲,教育漢字
雲,常用漢字
雲,名前に使える漢字
遠,教育漢字
遠,常用漢字
遠,名前に使える漢字
園,教育漢字
園,常用漢字
園,名前に使える漢字
家,教育漢字
家,常用漢字
家,名前に使える漢字
何,教育漢字
何,常用漢字
何,名前に使える漢字
夏,教育漢字
夏,常用漢字
夏,名前に使える漢字
科,教育漢字
科,常用漢字
科,名前に使える漢字
歌,教育漢字
歌,常用漢字
歌,名前に使える漢字
画,教育漢字
画,常用漢字
画,名前に使える漢字
会,教育漢字
会,常用漢字
会,名前に使える漢字
回,教育漢字
回,常用漢字
回,名前に使える漢字
海,教育漢字
海,常用漢字
海,名前に使える漢字
絵,教育漢字
絵,常用漢字
絵,名前に使える漢字
外,教育漢字
外,常用漢字
外,名前に使える漢字
角,教育漢字
角,常用漢字
角,名前に使える漢字
楽,教育漢字
楽,常用漢字
楽,名前に使える漢字
活,教育漢字
活,常用漢字
活,名前に使える漢字
間,教育漢字
間,常用漢字
間,名前に使える漢字
顔,教育漢字
顔,常用漢字
顔,名前に使える漢字
岩,教育漢字
岩,常用漢字
岩,名前に使える漢字
丸,教育漢字
丸,常用漢字
丸,名前に使える漢字
記,教育漢字
記,常用漢字
記,名前に使える漢字
汽,教育漢字
汽,常用漢字
汽,名前に使える漢字
帰,教育漢字
帰,常用漢字
帰,名前に使える漢字
弓,教育漢字
弓,常用漢字
弓,名前に使える漢字
牛,教育漢字
牛,常用漢字
牛,名前に使える漢字
魚,教育漢字
魚,常用漢字
魚,名前に使える漢字
教,教育漢字
教,常用漢字
教,名前に使える漢字
強,教育漢字
強,常用漢字
強,名前に使える漢字
近,教育漢字
近,常用漢字
近,名前に使える漢字
今,教育漢字
今,常用漢字
今,名前に使える漢字
兄,教育漢字
兄,常用漢字
兄,名前に使える漢字
形,教育漢字
形,常用漢字
形,名前に使える漢字
京,教育漢字
京,常用漢字
京,名前に使える漢字
計,教育漢字
計,常用漢字
計,名前に使える漢字
原,教育漢字
原,常用漢字
原,名前に使える漢字
言,教育漢字
言,常用漢字
言,名前に使える漢字
元,教育漢字
元,常用漢字
元,名前に使える漢字
古,教育漢字
古,常用漢字
古,名前に使える漢字
戸,教育漢字
戸,常用漢字
戸,名前に使える漢字
語,教育漢字
語,常用漢字
語,名前に使える漢字
午,教育漢字
午,常用漢字
午,名前に使える漢字
後,教育漢字
後,常用漢字
後,名前に使える漢字
広,教育漢字
広,常用漢字
広,名前に使える漢字
交,教育漢字
交,常用漢字
交,名前に使える漢字
工,教育漢字
工,常用漢字
工,名前に使える漢字
光,教育漢字
光,常用漢字
光,名前に使える漢字
公,教育漢字
公,常用漢字
公,名前に使える漢字
考,教育漢字
考,常用漢字
考,名前に使える漢字
黄,教育漢字
黄,常用漢字
黄,名前に使える漢字
行,教育漢字
行,常用漢字
行,名前に使える漢字
高,教育漢字
高,常用漢字
高,名前に使える漢字
合,教育漢字
合,常用漢字
合,名前に使える漢字
国,教育漢字
国,常用漢字
国,名前に使える漢字
谷,教育漢字
谷,常用漢字
谷,名前に使える漢字
黒,教育漢字
黒,常用漢字
黒,名前に使える漢字
細,教育漢字
細,常用漢字
細,名前に使える漢字
才,教育漢字
才,常用漢字
才,名前に使える漢字
作,教育漢字
作,常用漢字
作,名前に使える漢字
算,教育漢字
算,常用漢字
算,名前に使える漢字
紙,教育漢字
紙,常用漢字
紙,名前に使える漢字
矢,教育漢字
矢,常用漢字
矢,名前に使える漢字
姉,教育漢字
姉,常用漢字
姉,名前に使える漢字
市,教育漢字
市,常用漢字
市,名前に使える漢字
止,教育漢字
止,常用漢字
止,名前に使える漢字
時,教育漢字
時,常用漢字
時,名前に使える漢字
寺,教育漢字
寺,常用漢字
寺,名前に使える漢字
自,教育漢字
自,常用漢字
自,名前に使える漢字
色,教育漢字
色,常用漢字
色,名前に使える漢字
室,教育漢字
室,常用漢字
室,名前に使える漢字
社,教育漢字
社,常用漢字
社,名前に使える漢字
弱,教育漢字
弱,常用漢字
弱,名前に使える漢字
首,教育漢字
首,常用漢字
首,名前に使える漢字
週,教育漢字
週,常用漢字
週,名前に使える漢字
秋,教育漢字
秋,常用漢字
秋,名前に使える漢字
春,教育漢字
春,常用漢字
春,名前に使える漢字
書,教育漢字
書,常用漢字
書,名前に使える漢字
少,教育漢字
少,常用漢字
少,名前に使える漢字
場,教育漢字
場,常用漢字
場,名前に使える漢字
食,教育漢字
食,常用漢字
食,名前に使える漢字
新,教育漢字
新,常用漢字
新,名前に使える漢字
親,教育漢字
親,常用漢字
親,名前に使える漢字
心,教育漢字
心,常用漢字
心,名前に使える漢字
図,教育漢字
図,常用漢字
図,名前に使える漢字
頭,教育漢字
頭,常用漢字
頭,名前に使える漢字
数,教育漢字
数,常用漢字
数,名前に使える漢字
西,教育漢字
西,常用漢字
西,名前に使える漢字
星,教育漢字
星,常用漢字
星,名前に使える漢字
声,教育漢字
声,常用漢字
声,名前に使える漢字
晴,教育漢字
晴,常用漢字
晴,名前に使える漢字
雪,教育漢字
雪,常用漢字
雪,名前に使える漢字
切,教育漢字
切,常用漢字
切,名前に使える漢字
船,教育漢字
船,常用漢字
船,名前に使える漢字
線,教育漢字
線,常用漢字
線,名前に使える漢字
前,教育漢字
前,常用漢字
前,名前に使える漢字
組,教育漢字
組,常用漢字
組,名前に使える漢字
走,教育漢字
走,常用漢字
走,名前に使える漢字
太,教育漢字
太,常用漢字
太,名前に使える漢字
多,教育漢字
多,常用漢字
多,名前に使える漢字
体,教育漢字
体,常用漢字
体,名前に使える漢字
台,教育漢字
台,常用漢字
台,名前に使える漢字
弟,教育漢字
弟,常用漢字
弟,名前に使える漢字
池,教育漢字
池,常用漢字
池,名前に使える漢字
地,教育漢字
地,常用漢字
地,名前に使える漢字
知,教育漢字
知,常用漢字
知,名前に使える漢字
茶,教育漢字
茶,常用漢字
茶,名前に使える漢字
昼,教育漢字
昼,常用漢字
昼,名前に使える漢字
長,教育漢字
長,常用漢字
長,名前に使える漢字
朝,教育漢字
朝,常用漢字
朝,名前に使える漢字
鳥,教育漢字
鳥,常用漢字
鳥,名前に使える漢字
直,教育漢字
直,常用漢字
直,名前に使える漢字
通,教育漢字
通,常用漢字
通,名前に使える漢字
点,教育漢字
点,常用漢字
点,名前に使える漢字
店,教育漢字
店,常用漢字
店,名前に使える漢字
電,教育漢字
電,常用漢字
電,名前に使える漢字
冬,教育漢字
冬,常用漢字
冬,名前に使える漢字
刀,教育漢字
刀,常用漢字
刀,名前に使える漢字
当,教育漢字
当,常用漢字
当,名前に使える漢字
答,教育漢字
答,常用漢字
答,名前に使える漢字
東,教育漢字
東,常用漢字
東,名前に使える漢字
道,教育漢字
道,常用漢字
道,名前に使える漢字
同,教育漢字
同,常用漢字
同,名前に使える漢字
読,教育漢字
読,常用漢字
読,名前に使える漢字
内,教育漢字
内,常用漢字
内,名前に使える漢字
南,教育漢字
南,常用漢字
南,名前に使える漢字
肉,教育漢字
肉,常用漢字
肉,名前に使える漢字
馬,教育漢字
馬,常用漢字
馬,名前に使える漢字
買,教育漢字
買,常用漢字
買,名前に使える漢字
売,教育漢字
売,常用漢字
売,名前に使える漢字
麦,教育漢字
麦,常用漢字
麦,名前に使える漢字
半,教育漢字
半,常用漢字
半,名前に使える漢字
番,教育漢字
番,常用漢字
番,名前に使える漢字
父,教育漢字
父,常用漢字
父,名前に使える漢字
歩,教育漢字
歩,常用漢字
歩,名前に使える漢字
風,教育漢字
風,常用漢字
風,名前に使える漢字
分,教育漢字
分,常用漢字
分,名前に使える漢字
聞,教育漢字
聞,常用漢字
聞,名前に使える漢字
米,教育漢字
米,常用漢字
米,名前に使える漢字
母,教育漢字
母,常用漢字
母,名前に使える漢字
方,教育漢字
方,常用漢字
方,名前に使える漢字
北,教育漢字
北,常用漢字
北,名前に使える漢字
毎,教育漢字
毎,常用漢字
毎,名前に使える漢字
妹,教育漢字
妹,常用漢字
妹,名前に使える漢字
万,教育漢字
万,常用漢字
万,名前に使える漢字
鳴,教育漢字
鳴,常用漢字
鳴,名前に使える漢字
明,教育漢字
明,常用漢字
明,名前に使える漢字
毛,教育漢字
毛,常用漢字
毛,名前に使える漢字
門,教育漢字
門,常用漢字
門,名前に使える漢字
野,教育漢字
野,常用漢字
野,名前に使える漢字
夜,教育漢字
夜,常用漢字
夜,名前に使える漢字
友,教育漢字
友,常用漢字
友,名前に使える漢字
曜,教育漢字
曜,常用漢字
曜,名前に使える漢字
用,教育漢字
用,常用漢字
用,名前に使える漢字
来,教育漢字
来,常用漢字
来,名前に使える漢字
里,教育漢字
里,常用漢字
里,名前に使える漢字
理,教育漢字
理,常用漢字
理,名前に使える漢字
話,教育漢字
話,常用漢字
話,名前に使える漢字
悪,教育漢字
悪,常用漢字
悪,名前に使える漢字
安,教育漢字
安,常用漢字
安,名前に使える漢字
暗,教育漢字
暗,常用漢字
暗,名前に使える漢字
意,教育漢字
意,常用漢字
意,名前に使える漢字
委,教育漢字
委,常用漢字
委,名前に使える漢字
医,教育漢字
医,常用漢字
医,名前に使える漢字
育,教育漢字
育,常用漢字
育,名前に使える漢字
院,教育漢字
院,常用漢字
院,名前に使える漢字
員,教育漢字
員,常用漢字
員,名前に使える漢字
飲,教育漢字
飲,常用漢字
飲,名前に使える漢字
運,教育漢字
運,常用漢字
運,名前に使える漢字
泳,教育漢字
泳,常用漢字
泳,名前に使える漢字
駅,教育漢字
駅,常用漢字
駅,名前に使える漢字
横,教育漢字
横,常用漢字
横,名前に使える漢字
央,教育漢字
央,常用漢字
央,名前に使える漢字
屋,教育漢字
屋,常用漢字
屋,名前に使える漢字
温,教育漢字
温,常用漢字
温,名前に使える漢字
荷,教育漢字
荷,常用漢字
荷,名前に使える漢字
開,教育漢字
開,常用漢字
開,名前に使える漢字
界,教育漢字
界,常用漢字
界,名前に使える漢字
階,教育漢字
階,常用漢字
階,名前に使える漢字
館,教育漢字
館,常用漢字
館,名前に使える漢字
感,教育漢字
感,常用漢字
感,名前に使える漢字
寒,教育漢字
寒,常用漢字
寒,名前に使える漢字
漢,教育漢字
漢,常用漢字
漢,名前に使える漢字
岸,教育漢字
岸,常用漢字
岸,名前に使える漢字
起,教育漢字
起,常用漢字
起,名前に使える漢字
期,教育漢字
期,常用漢字
期,名前に使える漢字
客,教育漢字
客,常用漢字
客,名前に使える漢字
急,教育漢字
急,常用漢字
急,名前に使える漢字
級,教育漢字
級,常用漢字
級,名前に使える漢字
球,教育漢字
球,常用漢字
球,名前に使える漢字
究,教育漢字
究,常用漢字
究,名前に使える漢字
去,教育漢字
去,常用漢字
去,名前に使える漢字
橋,教育漢字
橋,常用漢字
橋,名前に使える漢字
業,教育漢字
業,常用漢字
業,名前に使える漢字
曲,教育漢字
曲,常用漢字
曲,名前に使える漢字
局,教育漢字
局,常用漢字
局,名前に使える漢字
銀,教育漢字
銀,常用漢字
銀,名前に使える漢字
苦,教育漢字
苦,常用漢字
苦,名前に使える漢字
区,教育漢字
区,常用漢字
区,名前に使える漢字
具,教育漢字
具,常用漢字
具,名前に使える漢字
宮,教育漢字
宮,常用漢字
宮,名前に使える漢字
君,教育漢字
君,常用漢字
君,名前に使える漢字
化,教育漢字
化,常用漢字
化,名前に使える漢字
軽,教育漢字
軽,常用漢字
軽,名前に使える漢字
係,教育漢字
係,常用漢字
係,名前に使える漢字
血,教育漢字
血,常用漢字
血,名前に使える漢字
決,教育漢字
決,常用漢字
決,名前に使える漢字
県,教育漢字
県,常用漢字
県,名前に使える漢字
研,教育漢字
研,常用漢字
研,名前に使える漢字
湖,教育漢字
湖,常用漢字
湖,名前に使える漢字
庫,教育漢字
庫,常用漢字
庫,名前に使える漢字
幸,教育漢字
幸,常用漢字
幸,名前に使える漢字
向,教育漢字
向,常用漢字
向,名前に使える漢字
港,教育漢字
港,常用漢字
港,名前に使える漢字
号,教育漢字
号,常用漢字
号,名前に使える漢字
根,教育漢字
根,常用漢字
根,名前に使える漢字
祭,教育漢字
祭,常用漢字
祭,名前に使える漢字
皿,教育漢字
皿,常用漢字
皿,名前に使える漢字
指,教育漢字
指,常用漢字
指,名前に使える漢字
始,教育漢字
始,常用漢字
始,名前に使える漢字
歯,教育漢字
歯,常用漢字
歯,名前に使える漢字
死,教育漢字
死,常用漢字
死,名前に使える漢字
詩,教育漢字
詩,常用漢字
詩,名前に使える漢字
仕,教育漢字
仕,常用漢字
仕,名前に使える漢字
使,教育漢字
使,常用漢字
使,名前に使える漢字
次,教育漢字
次,常用漢字
次,名前に使える漢字
持,教育漢字
持,常用漢字
持,名前に使える漢字
事,教育漢字
事,常用漢字
事,名前に使える漢字
式,教育漢字
式,常用漢字
式,名前に使える漢字
実,教育漢字
実,常用漢字
実,名前に使える漢字
写,教育漢字
写,常用漢字
写,名前に使える漢字
者,教育漢字
者,常用漢字
者,名前に使える漢字
昔,教育漢字
昔,常用漢字
昔,名前に使える漢字
酒,教育漢字
酒,常用漢字
酒,名前に使える漢字
守,教育漢字
守,常用漢字
守,名前に使える漢字
主,教育漢字
主,常用漢字
主,名前に使える漢字
取,教育漢字
取,常用漢字
取,名前に使える漢字
受,教育漢字
受,常用漢字
受,名前に使える漢字
習,教育漢字
習,常用漢字
習,名前に使える漢字
拾,教育漢字
拾,常用漢字
拾,名前に使える漢字
集,教育漢字
集,常用漢字
集,名前に使える漢字
終,教育漢字
終,常用漢字
終,名前に使える漢字
州,教育漢字
州,常用漢字
州,名前に使える漢字
重,教育漢字
重,常用漢字
重,名前に使える漢字
住,教育漢字
住,常用漢字
住,名前に使える漢字
宿,教育漢字
宿,常用漢字
宿,名前に使える漢字
暑,教育漢字
暑,常用漢字
暑,名前に使える漢字
所,教育漢字
所,常用漢字
所,名前に使える漢字
助,教育漢字
助,常用漢字
助,名前に使える漢字
消,教育漢字
消,常用漢字
消,名前に使える漢字
昭,教育漢字
昭,常用漢字
昭,名前に使える漢字
章,教育漢字
章,常用漢字
章,名前に使える漢字
商,教育漢字
商,常用漢字
商,名前に使える漢字
勝,教育漢字
勝,常用漢字
勝,名前に使える漢字
乗,教育漢字
乗,常用漢字
乗,名前に使える漢字
植,教育漢字
植,常用漢字
植,名前に使える漢字
身,教育漢字
身,常用漢字
身,名前に使える漢字
進,教育漢字
進,常用漢字
進,名前に使える漢字
申,教育漢字
申,常用漢字
申,名前に使える漢字
深,教育漢字
深,常用漢字
深,名前に使える漢字
真,教育漢字
真,常用漢字
真,名前に使える漢字
神,教育漢字
神,常用漢字
神,名前に使える漢字
世,教育漢字
世,常用漢字
世,名前に使える漢字
整,教育漢字
整,常用漢字
整,名前に使える漢字
全,教育漢字
全,常用漢字
全,名前に使える漢字
想,教育漢字
想,常用漢字
想,名前に使える漢字
相,教育漢字
相,常用漢字
相,名前に使える漢字
送,教育漢字
送,常用漢字
送,名前に使える漢字
息,教育漢字
息,常用漢字
息,名前に使える漢字
速,教育漢字
速,常用漢字
速,名前に使える漢字
族,教育漢字
族,常用漢字
族,名前に使える漢字
他,教育漢字
他,常用漢字
他,名前に使える漢字
打,教育漢字
打,常用漢字
打,名前に使える漢字
代,教育漢字
代,常用漢字
代,名前に使える漢字
対,教育漢字
対,常用漢字
対,名前に使える漢字
待,教育漢字
待,常用漢字
待,名前に使える漢字
第,教育漢字
第,常用漢字
第,名前に使える漢字
題,教育漢字
題,常用漢字
題,名前に使える漢字
短,教育漢字
短,常用漢字
短,名前に使える漢字
炭,教育漢字
炭,常用漢字
炭,名前に使える漢字
談,教育漢字
談,常用漢字
談,名前に使える漢字
着,教育漢字
着,常用漢字
着,名前に使える漢字
注,教育漢字
注,常用漢字
注,名前に使える漢字
柱,教育漢字
柱,常用漢字
柱,名前に使える漢字
調,教育漢字
調,常用漢字
調,名前に使える漢字
帳,教育漢字
帳,常用漢字
帳,名前に使える漢字
追,教育漢字
追,常用漢字
追,名前に使える漢字
丁,教育漢字
丁,常用漢字
丁,名前に使える漢字
定,教育漢字
定,常用漢字
定,名前に使える漢字
庭,教育漢字
庭,常用漢字
庭,名前に使える漢字
笛,教育漢字
笛,常用漢字
笛,名前に使える漢字
鉄,教育漢字
鉄,常用漢字
鉄,名前に使える漢字
転,教育漢字
転,常用漢字
転,名前に使える漢字
都,教育漢字
都,常用漢字
都,名前に使える漢字
度,教育漢字
度,常用漢字
度,名前に使える漢字
島,教育漢字
島,常用漢字
島,名前に使える漢字
等,教育漢字
等,常用漢字
等,名前に使える漢字
登,教育漢字
登,常用漢字
登,名前に使える漢字
湯,教育漢字
湯,常用漢字
湯,名前に使える漢字
投,教育漢字
投,常用漢字
投,名前に使える漢字
豆,教育漢字
豆,常用漢字
豆,名前に使える漢字
動,教育漢字
動,常用漢字
動,名前に使える漢字
童,教育漢字
童,常用漢字
童,名前に使える漢字
農,教育漢字
農,常用漢字
農,名前に使える漢字
波,教育漢字
波,常用漢字
波,名前に使える漢字
配,教育漢字
配,常用漢字
配,名前に使える漢字
倍,教育漢字
倍,常用漢字
倍,名前に使える漢字
箱,教育漢字
箱,常用漢字
箱,名前に使える漢字
畑,教育漢字
畑,常用漢字
畑,名前に使える漢字
畑,国字
発,教育漢字
発,常用漢字
発,名前に使える漢字
反,教育漢字
反,常用漢字
反,名前に使える漢字
板,教育漢字
板,常用漢字
板,名前に使える漢字
坂,教育漢字
坂,常用漢字
坂,名前に使える漢字
悲,教育漢字
悲,常用漢字
悲,名前に使える漢字
皮,教育漢字
皮,常用漢字
皮,名前に使える漢字
鼻,教育漢字
鼻,常用漢字
鼻,名前に使える漢字
美,教育漢字
美,常用漢字
美,名前に使える漢字
筆,教育漢字
筆,常用漢字
筆,名前に使える漢字
氷,教育漢字
氷,常用漢字
氷,名前に使える漢字
表,教育漢字
表,常用漢字
表,名前に使える漢字
病,教育漢字
病,常用漢字
病,名前に使える漢字
秒,教育漢字
秒,常用漢字
秒,名前に使える漢字
品,教育漢字
品,常用漢字
品,名前に使える漢字
負,教育漢字
負,常用漢字
負,名前に使える漢字
部,教育漢字
部,常用漢字
部,名前に使える漢字
福,教育漢字
福,常用漢字
福,名前に使える漢字
服,教育漢字
服,常用漢字
服,名前に使える漢字
物,教育漢字
物,常用漢字
物,名前に使える漢字
平,教育漢字
平,常用漢字
平,名前に使える漢字
返,教育漢字
返,常用漢字
返,名前に使える漢字
勉,教育漢字
勉,常用漢字
勉,名前に使える漢字
放,教育漢字
放,常用漢字
放,名前に使える漢字
味,教育漢字
味,常用漢字
味,名前に使える漢字
命,教育漢字
命,常用漢字
命,名前に使える漢字
面,教育漢字
面,常用漢字
面,名前に使える漢字
問,教育漢字
問,常用漢字
問,名前に使える漢字
薬,教育漢字
薬,常用漢字
薬,名前に使える漢字
役,教育漢字
役,常用漢字
役,名前に使える漢字
由,教育漢字
由,常用漢字
由,名前に使える漢字
油,教育漢字
油,常用漢字
油,名前に使える漢字
遊,教育漢字
遊,常用漢字
遊,名前に使える漢字
有,教育漢字
有,常用漢字
有,名前に使える漢字
予,教育漢字
予,常用漢字
予,名前に使える漢字
葉,教育漢字
葉,常用漢字
葉,名前に使える漢字
陽,教育漢字
陽,常用漢字
陽,名前に使える漢字
羊,教育漢字
羊,常用漢字
羊,名前に使える漢字
洋,教育漢字
洋,常用漢字
洋,名前に使える漢字
様,教育漢字
様,常用漢字
様,名前に使える漢字
落,教育漢字
落,常用漢字
落,名前に使える漢字
旅,教育漢字
旅,常用漢字
旅,名前に使える漢字
両,教育漢字
両,常用漢字
両,名前に使える漢字
緑,教育漢字
緑,常用漢字
緑,名前に使える漢字
流,教育漢字
流,常用漢字
流,名前に使える漢字
礼,教育漢字
礼,常用漢字
礼,名前に使える漢字
列,教育漢字
列,常用漢字
列,名前に使える漢字
練,教育漢字
練,常用漢字
練,名前に使える漢字
路,教育漢字
路,常用漢字
路,名前に使える漢字
和,教育漢字
和,常用漢字
和,名前に使える漢字
愛,教育漢字
愛,常用漢字
愛,名前に使える漢字
案,教育漢字
案,常用漢字
案,名前に使える漢字
以,教育漢字
以,常用漢字
以,名前に使える漢字
位,教育漢字
位,常用漢字
位,名前に使える漢字
胃,教育漢字
胃,常用漢字
胃,名前に使える漢字
囲,教育漢字
囲,常用漢字
囲,名前に使える漢字
衣,教育漢字
衣,常用漢字
衣,名前に使える漢字
印,教育漢字
印,常用漢字
印,名前に使える漢字
英,教育漢字
英,常用漢字
英,名前に使える漢字
栄,教育漢字
栄,常用漢字
栄,名前に使える漢字
塩,教育漢字
塩,常用漢字
塩,名前に使える漢字
億,教育漢字
億,常用漢字
億,名前に使える漢字
貨,教育漢字
貨,常用漢字
貨,名前に使える漢字
課,教育漢字
課,常用漢字
課,名前に使える漢字
加,教育漢字
加,常用漢字
加,名前に使える漢字
果,教育漢字
果,常用漢字
果,名前に使える漢字
芽,教育漢字
芽,常用漢字
芽,名前に使える漢字
械,教育漢字
械,常用漢字
械,名前に使える漢字
改,教育漢字
改,常用漢字
改,名前に使える漢字
害,教育漢字
害,常用漢字
害,名前に使える漢字
街,教育漢字
街,常用漢字
街,名前に使える漢字
覚,教育漢字
覚,常用漢字
覚,名前に使える漢字
各,教育漢字
各,常用漢字
各,名前に使える漢字
関,教育漢字
関,常用漢字
関,名前に使える漢字
完,教育漢字
完,常用漢字
完,名前に使える漢字
管,教育漢字
管,常用漢字
管,名前に使える漢字
官,教育漢字
官,常用漢字
官,名前に使える漢字
観,教育漢字
観,常用漢字
観,名前に使える漢字
願,教育漢字
願,常用漢字
願,名前に使える漢字
喜,教育漢字
喜,常用漢字
喜,名前に使える漢字
季,教育漢字
季,常用漢字
季,名前に使える漢字
旗,教育漢字
旗,常用漢字
旗,名前に使える漢字
紀,教育漢字
紀,常用漢字
紀,名前に使える漢字
希,教育漢字
希,常用漢字
希,名前に使える漢字
機,教育漢字
機,常用漢字
機,名前に使える漢字
器,教育漢字
器,常用漢字
器,名前に使える漢字
議,教育漢字
議,常用漢字
議,名前に使える漢字
救,教育漢字
救,常用漢字
救,名前に使える漢字
泣,教育漢字
泣,常用漢字
泣,名前に使える漢字
求,教育漢字
求,常用漢字
求,名前に使える漢字
給,教育漢字
給,常用漢字
給,名前に使える漢字
挙,教育漢字
挙,常用漢字
挙,名前に使える漢字
協,教育漢字
協,常用漢字
協,名前に使える漢字
鏡,教育漢字
鏡,常用漢字
鏡,名前に使える漢字
競,教育漢字
競,常用漢字
競,名前に使える漢字
共,教育漢字
共,常用漢字
共,名前に使える漢字
極,教育漢字
極,常用漢字
極,名前に使える漢字
訓,教育漢字
訓,常用漢字
訓,名前に使える漢字
軍,教育漢字
軍,常用漢字
軍,名前に使える漢字
郡,教育漢字
郡,常用漢字
郡,名前に使える漢字
型,教育漢字
型,常用漢字
型,名前に使える漢字
径,教育漢字
径,常用漢字
径,名前に使える漢字
景,教育漢字
景,常用漢字
景,名前に使える漢字
芸,教育漢字
芸,常用漢字
芸,名前に使える漢字
結,教育漢字
結,常用漢字
結,名前に使える漢字
欠,教育漢字
欠,常用漢字
欠,名前に使える漢字
建,教育漢字
建,常用漢字
建,名前に使える漢字
健,教育漢字
健,常用漢字
健,名前に使える漢字
験,教育漢字
験,常用漢字
験,名前に使える漢字
固,教育漢字
固,常用漢字
固,名前に使える漢字
候,教育漢字
候,常用漢字
候,名前に使える漢字
功,教育漢字
功,常用漢字
功,名前に使える漢字
好,教育漢字
好,常用漢字
好,名前に使える漢字
航,教育漢字
航,常用漢字
航,名前に使える漢字
康,教育漢字
康,常用漢字
康,名前に使える漢字
告,教育漢字
告,常用漢字
告,名前に使える漢字
差,教育漢字
差,常用漢字
差,名前に使える漢字
最,教育漢字
最,常用漢字
最,名前に使える漢字
菜,教育漢字
菜,常用漢字
菜,名前に使える漢字
材,教育漢字
材,常用漢字
材,名前に使える漢字
昨,教育漢字
昨,常用漢字
昨,名前に使える漢字
殺,教育漢字
殺,常用漢字
殺,名前に使える漢字
刷,教育漢字
刷,常用漢字
刷,名前に使える漢字
札,教育漢字
札,常用漢字
札,名前に使える漢字
察,教育漢字
察,常用漢字
察,名前に使える漢字
参,教育漢字
参,常用漢字
参,名前に使える漢字
散,教育漢字
散,常用漢字
散,名前に使える漢字
産,教育漢字
産,常用漢字
産,名前に使える漢字
残,教育漢字
残,常用漢字
残,名前に使える漢字
氏,教育漢字
氏,常用漢字
氏,名前に使える漢字
史,教育漢字
史,常用漢字
史,名前に使える漢字
試,教育漢字
試,常用漢字
試,名前に使える漢字
士,教育漢字
士,常用漢字
士,名前に使える漢字
司,教育漢字
司,常用漢字
司,名前に使える漢字
治,教育漢字
治,常用漢字
治,名前に使える漢字
児,教育漢字
児,常用漢字
児,名前に使える漢字
辞,教育漢字
辞,常用漢字
辞,名前に使える漢字
失,教育漢字
失,常用漢字
失,名前に使える漢字
借,教育漢字
借,常用漢字
借,名前に使える漢字
種,教育漢字
種,常用漢字
種,名前に使える漢字
周,教育漢字
周,常用漢字
周,名前に使える漢字
祝,教育漢字
祝,常用漢字
祝,名前に使える漢字
順,教育漢字
順,常用漢字
順,名前に使える漢字
初,教育漢字
初,常用漢字
初,名前に使える漢字
唱,教育漢字
唱,常用漢字
唱,名前に使える漢字
笑,教育漢字
笑,常用漢字
笑,名前に使える漢字
焼,教育漢字
焼,常用漢字
焼,名前に使える漢字
松,教育漢字
松,常用漢字
松,名前に使える漢字
賞,教育漢字
賞,常用漢字
賞,名前に使える漢字
象,教育漢字
象,常用漢字
象,名前に使える漢字
照,教育漢字
照,常用漢字
照,名前に使える漢字
省,教育漢字
省,常用漢字
省,名前に使える漢字
信,教育漢字
信,常用漢字
信,名前に使える漢字
臣,教育漢字
臣,常用漢字
臣,名前に使える漢字
清,教育漢字
清,常用漢字
清,名前に使える漢字
静,教育漢字
静,常用漢字
静,名前に使える漢字
成,教育漢字
成,常用漢字
成,名前に使える漢字
席,教育漢字
席,常用漢字
席,名前に使える漢字
積,教育漢字
積,常用漢字
積,名前に使える漢字
節,教育漢字
節,常用漢字
節,名前に使える漢字
折,教育漢字
折,常用漢字
折,名前に使える漢字
説,教育漢字
説,常用漢字
説,名前に使える漢字
戦,教育漢字
戦,常用漢字
戦,名前に使える漢字
選,教育漢字
選,常用漢字
選,名前に使える漢字
浅,教育漢字
浅,常用漢字
浅,名前に使える漢字
巣,教育漢字
巣,常用漢字
巣,名前に使える漢字
争,教育漢字
争,常用漢字
争,名前に使える漢字
倉,教育漢字
倉,常用漢字
倉,名前に使える漢字
束,教育漢字
束,常用漢字
束,名前に使える漢字
側,教育漢字
側,常用漢字
側,名前に使える漢字
続,教育漢字
続,常用漢字
続,名前に使える漢字
卒,教育漢字
卒,常用漢字
卒,名前に使える漢字
孫,教育漢字
孫,常用漢字
孫,名前に使える漢字
隊,教育漢字
隊,常用漢字
隊,名前に使える漢字
帯,教育漢字
帯,常用漢字
帯,名前に使える漢字
達,教育漢字
達,常用漢字
達,名前に使える漢字
単,教育漢字
単,常用漢字
単,名前に使える漢字
置,教育漢字
置,常用漢字
置,名前に使える漢字
仲,教育漢字
仲,常用漢字
仲,名前に使える漢字
貯,教育漢字
貯,常用漢字
貯,名前に使える漢字
兆,教育漢字
兆,常用漢字
兆,名前に使える漢字
腸,教育漢字
腸,常用漢字
腸,名前に使える漢字
停,教育漢字
停,常用漢字
停,名前に使える漢字
低,教育漢字
低,常用漢字
低,名前に使える漢字
底,教育漢字
底,常用漢字
底,名前に使える漢字
的,教育漢字
的,常用漢字
的,名前に使える漢字
典,教育漢字
典,常用漢字
典,名前に使える漢字
伝,教育漢字
伝,常用漢字
伝,名前に使える漢字
徒,教育漢字
徒,常用漢字
徒,名前に使える漢字
努,教育漢字
努,常用漢字
努,名前に使える漢字
灯,教育漢字
灯,常用漢字
灯,名前に使える漢字
働,教育漢字
働,常用漢字
働,名前に使える漢字
働,国字
堂,教育漢字
堂,常用漢字
堂,名前に使える漢字
特,教育漢字
特,常用漢字
特,名前に使える漢字
得,教育漢字
得,常用漢字
得,名前に使える漢字
毒,教育漢字
毒,常用漢字
毒,名前に使える漢字
熱,教育漢字
熱,常用漢字
熱,名前に使える漢字
然,教育漢字
然,常用漢字
然,名前に使える漢字
念,教育漢字
念,常用漢字
念,名前に使える漢字
敗,教育漢字
敗,常用漢字
敗,名前に使える漢字
梅,教育漢字
梅,常用漢字
梅,名前に使える漢字
博,教育漢字
博,常用漢字
博,名前に使える漢字
飯,教育漢字
飯,常用漢字
飯,名前に使える漢字
飛,教育漢字
飛,常用漢字
飛,名前に使える漢字
費,教育漢字
費,常用漢字
費,名前に使える漢字
必,教育漢字
必,常用漢字
必,名前に使える漢字
票,教育漢字
票,常用漢字
票,名前に使える漢字
標,教育漢字
標,常用漢字
標,名前に使える漢字
付,教育漢字
付,常用漢字
付,名前に使える漢字
府,教育漢字
府,常用漢字
府,名前に使える漢字
不,教育漢字
不,常用漢字
不,名前に使える漢字
夫,教育漢字
夫,常用漢字
夫,名前に使える漢字
無,教育漢字
無,常用漢字
無,名前に使える漢字
副,教育漢字
副,常用漢字
副,名前に使える漢字
粉,教育漢字
粉,常用漢字
粉,名前に使える漢字
兵,教育漢字
兵,常用漢字
兵,名前に使える漢字
別,教育漢字
別,常用漢字
別,名前に使える漢字
辺,教育漢字
辺,常用漢字
辺,名前に使える漢字
変,教育漢字
変,常用漢字
変,名前に使える漢字
便,教育漢字
便,常用漢字
便,名前に使える漢字
法,教育漢字
法,常用漢字
法,名前に使える漢字
包,教育漢字
包,常用漢字
包,名前に使える漢字
望,教育漢字
望,常用漢字
望,名前に使える漢字
牧,教育漢字
牧,常用漢字
牧,名前に使える漢字
末,教育漢字
末,常用漢字
末,名前に使える漢字
満,教育漢字
満,常用漢字
満,名前に使える漢字
未,教育漢字
未,常用漢字
未,名前に使える漢字
脈,教育漢字
脈,常用漢字
脈,名前に使える漢字
民,教育漢字
民,常用漢字
民,名前に使える漢字
約,教育漢字
約,常用漢字
約,名前に使える漢字
勇,教育漢字
勇,常用漢字
勇,名前に使える漢字
要,教育漢字
要,常用漢字
要,名前に使える漢字
養,教育漢字
養,常用漢字
養,名前に使える漢字
浴,教育漢字
浴,常用漢字
浴,名前に使える漢字
利,教育漢字
利,常用漢字
利,名前に使える漢字
陸,教育漢字
陸,常用漢字
陸,名前に使える漢字
量,教育漢字
量,常用漢字
量,名前に使える漢字
良,教育漢字
良,常用漢字
良,名前に使える漢字
漁,教育漢字
漁,常用漢字
漁,名前に使える漢字
料,教育漢字
料,常用漢字
料,名前に使える漢字
輪,教育漢字
輪,常用漢字
輪,名前に使える漢字
類,教育漢字
類,常用漢字
類,名前に使える漢字
令,教育漢字
令,常用漢字
令,名前に使える漢字
冷,教育漢字
冷,常用漢字
冷,名前に使える漢字
例,教育漢字
例,常用漢字
例,名前に使える漢字
歴,教育漢字
歴,常用漢字
歴,名前に使える漢字
連,教育漢字
連,常用漢字
連,名前に使える漢字
老,教育漢字
老,常用漢字
老,名前に使える漢字
労,教育漢字
労,常用漢字
労,名前に使える漢字
録,教育漢字
録,常用漢字
録,名前に使える漢字
圧,教育漢字
圧,常用漢字
圧,名前に使える漢字
移,教育漢字
移,常用漢字
移,名前に使える漢字
因,教育漢字
因,常用漢字
因,名前に使える漢字
永,教育漢字
永,常用漢字
永,名前に使える漢字
衛,教育漢字
衛,常用漢字
衛,名前に使える漢字
営,教育漢字
営,常用漢字
営,名前に使える漢字
益,教育漢字
益,常用漢字
益,名前に使える漢字
易,教育漢字
易,常用漢字
易,名前に使える漢字
液,教育漢字
液,常用漢字
液,名前に使える漢字
演,教育漢字
演,常用漢字
演,名前に使える漢字
桜,教育漢字
桜,常用漢字
桜,名前に使える漢字
応,教育漢字
応,常用漢字
応,名前に使える漢字
往,教育漢字
往,常用漢字
往,名前に使える漢字
恩,教育漢字
恩,常用漢字
恩,名前に使える漢字
価,教育漢字
価,常用漢字
価,名前に使える漢字
過,教育漢字
過,常用漢字
過,名前に使える漢字
可,教育漢字
可,常用漢字
可,名前に使える漢字
河,教育漢字
河,常用漢字
河,名前に使える漢字
仮,教育漢字
仮,常用漢字
仮,名前に使える漢字
賀,教育漢字
賀,常用漢字
賀,名前に使える漢字
解,教育漢字
解,常用漢字
解,名前に使える漢字
快,教育漢字
快,常用漢字
快,名前に使える漢字
確,教育漢字
確,常用漢字
確,名前に使える漢字
格,教育漢字
格,常用漢字
格,名前に使える漢字
額,教育漢字
額,常用漢字
額,名前に使える漢字
慣,教育漢字
慣,常用漢字
慣,名前に使える漢字
幹,教育漢字
幹,常用漢字
幹,名前に使える漢字
刊,教育漢字
刊,常用漢字
刊,名前に使える漢字
眼,教育漢字
眼,常用漢字
眼,名前に使える漢字
規,教育漢字
規,常用漢字
規,名前に使える漢字
基,教育漢字
基,常用漢字
基,名前に使える漢字
寄,教育漢字
寄,常用漢字
寄,名前に使える漢字
技,教育漢字
技,常用漢字
技,名前に使える漢字
義,教育漢字
義,常用漢字
義,名前に使える漢字
逆,教育漢字
逆,常用漢字
逆,名前に使える漢字
旧,教育漢字
旧,常用漢字
旧,名前に使える漢字
久,教育漢字
久,常用漢字
久,名前に使える漢字
許,教育漢字
許,常用漢字
許,名前に使える漢字
居,教育漢字
居,常用漢字
居,名前に使える漢字
境,教育漢字
境,常用漢字
境,名前に使える漢字
均,教育漢字
均,常用漢字
均,名前に使える漢字
禁,教育漢字
禁,常用漢字
禁,名前に使える漢字
句,教育漢字
句,常用漢字
句,名前に使える漢字
群,教育漢字
群,常用漢字
群,名前に使える漢字
経,教育漢字
経,常用漢字
経,名前に使える漢字
潔,教育漢字
潔,常用漢字
潔,名前に使える漢字
険,教育漢字
険,常用漢字
険,名前に使える漢字
検,教育漢字
検,常用漢字
検,名前に使える漢字
券,教育漢字
券,常用漢字
券,名前に使える漢字
件,教育漢字
件,常用漢字
件,名前に使える漢字
現,教育漢字
現,常用漢字
現,名前に使える漢字
限,教育漢字
限,常用漢字
限,名前に使える漢字
減,教育漢字
減,常用漢字
減,名前に使える漢字
個,教育漢字
個,常用漢字
個,名前に使える漢字
故,教育漢字
故,常用漢字
故,名前に使える漢字
護,教育漢字
護,常用漢字
護,名前に使える漢字
効,教育漢字
効,常用漢字
効,名前に使える漢字
講,教育漢字
講,常用漢字
講,名前に使える漢字
構,教育漢字
構,常用漢字
構,名前に使える漢字
鉱,教育漢字
鉱,常用漢字
鉱,名前に使える漢字
耕,教育漢字
耕,常用漢字
耕,名前に使える漢字
厚,教育漢字
厚,常用漢字
厚,名前に使える漢字
興,教育漢字
興,常用漢字
興,名前に使える漢字
混,教育漢字
混,常用漢字
混,名前に使える漢字
査,教育漢字
査,常用漢字
査,名前に使える漢字
災,教育漢字
災,常用漢字
災,名前に使える漢字
採,教育漢字
採,常用漢字
採,名前に使える漢字
妻,教育漢字
妻,常用漢字
妻,名前に使える漢字
際,教育漢字
際,常用漢字
際,名前に使える漢字
再,教育漢字
再,常用漢字
再,名前に使える漢字
在,教育漢字
在,常用漢字
在,名前に使える漢字
罪,教育漢字
罪,常用漢字
罪,名前に使える漢字
財,教育漢字
財,常用漢字
財,名前に使える漢字
雑,教育漢字
雑,常用漢字
雑,名前に使える漢字
賛,教育漢字
賛,常用漢字
賛,名前に使える漢字
酸,教育漢字
酸,常用漢字
酸,名前に使える漢字
支,教育漢字
支,常用漢字
支,名前に使える漢字
資,教育漢字
資,常用漢字
資,名前に使える漢字
師,教育漢字
師,常用漢字
師,名前に使える漢字
志,教育漢字
志,常用漢字
志,名前に使える漢字
飼,教育漢字
飼,常用漢字
飼,名前に使える漢字
枝,教育漢字
枝,常用漢字
枝,名前に使える漢字
示,教育漢字
示,常用漢字
示,名前に使える漢字
似,教育漢字
似,常用漢字
似,名前に使える漢字
識,教育漢字
識,常用漢字
識,名前に使える漢字
質,教育漢字
質,常用漢字
質,名前に使える漢字
謝,教育漢字
謝,常用漢字
謝,名前に使える漢字
舎,教育漢字
舎,常用漢字
舎,名前に使える漢字
授,教育漢字
授,常用漢字
授,名前に使える漢字
修,教育漢字
修,常用漢字
修,名前に使える漢字
述,教育漢字
述,常用漢字
述,名前に使える漢字
術,教育漢字
術,常用漢字
術,名前に使える漢字
準,教育漢字
準,常用漢字
準,名前に使える漢字
序,教育漢字
序,常用漢字
序,名前に使える漢字
証,教育漢字
証,常用漢字
証,名前に使える漢字
承,教育漢字
承,常用漢字
承,名前に使える漢字
招,教育漢字
招,常用漢字
招,名前に使える漢字
常,教育漢字
常,常用漢字
常,名前に使える漢字
状,教育漢字
状,常用漢字
状,名前に使える漢字
条,教育漢字
条,常用漢字
条,名前に使える漢字
情,教育漢字
情,常用漢字
情,名前に使える漢字
職,教育漢字
職,常用漢字
職,名前に使える漢字
織,教育漢字
織,常用漢字
織,名前に使える漢字
製,教育漢字
製,常用漢字
製,名前に使える漢字
精,教育漢字
精,常用漢字
精,名前に使える漢字
性,教育漢字
性,常用漢字
性,名前に使える漢字
政,教育漢字
政,常用漢字
政,名前に使える漢字
制,教育漢字
制,常用漢字
制,名前に使える漢字
勢,教育漢字
勢,常用漢字
勢,名前に使える漢字
税,教育漢字
税,常用漢字
税,名前に使える漢字
責,教育漢字
責,常用漢字
責,名前に使える漢字
績,教育漢字
績,常用漢字
績,名前に使える漢字
設,教育漢字
設,常用漢字
設,名前に使える漢字
接,教育漢字
接,常用漢字
接,名前に使える漢字
絶,教育漢字
絶,常用漢字
絶,名前に使える漢字
舌,教育漢字
舌,常用漢字
舌,名前に使える漢字
銭,教育漢字
銭,常用漢字
銭,名前に使える漢字
祖,教育漢字
祖,常用漢字
祖,名前に使える漢字
素,教育漢字
素,常用漢字
素,名前に使える漢字
総,教育漢字
総,常用漢字
総,名前に使える漢字
増,教育漢字
増,常用漢字
増,名前に使える漢字
像,教育漢字
像,常用漢字
像,名前に使える漢字
造,教育漢字
造,常用漢字
造,名前に使える漢字
則,教育漢字
則,常用漢字
則,名前に使える漢字
測,教育漢字
測,常用漢字
測,名前に使える漢字
属,教育漢字
属,常用漢字
属,名前に使える漢字
損,教育漢字
損,常用漢字
損,名前に使える漢字
貸,教育漢字
貸,常用漢字
貸,名前に使える漢字
退,教育漢字
退,常用漢字
退,名前に使える漢字
態,教育漢字
態,常用漢字
態,名前に使える漢字
団,教育漢字
団,常用漢字
団,名前に使える漢字
断,教育漢字
断,常用漢字
断,名前に使える漢字
築,教育漢字
築,常用漢字
築,名前に使える漢字
張,教育漢字
張,常用漢字
張,名前に使える漢字
程,教育漢字
程,常用漢字
程,名前に使える漢字
提,教育漢字
提,常用漢字
提,名前に使える漢字
敵,教育漢字
敵,常用漢字
敵,名前に使える漢字
適,教育漢字
適,常用漢字
適,名前に使える漢字
統,教育漢字
統,常用漢字
統,名前に使える漢字
銅,教育漢字
銅,常用漢字
銅,名前に使える漢字
導,教育漢字
導,常用漢字
導,名前に使える漢字
徳,教育漢字
徳,常用漢字
徳,名前に使える漢字
独,教育漢字
独,常用漢字
独,名前に使える漢字
任,教育漢字
任,常用漢字
任,名前に使える漢字
燃,教育漢字
燃,常用漢字
燃,名前に使える漢字
能,教育漢字
能,常用漢字
能,名前に使える漢字
破,教育漢字
破,常用漢字
破,名前に使える漢字
犯,教育漢字
犯,常用漢字
犯,名前に使える漢字
版,教育漢字
版,常用漢字
版,名前に使える漢字
判,教育漢字
判,常用漢字
判,名前に使える漢字
肥,教育漢字
肥,常用漢字
肥,名前に使える漢字
比,教育漢字
比,常用漢字
比,名前に使える漢字
非,教育漢字
非,常用漢字
非,名前に使える漢字
備,教育漢字
備,常用漢字
備,名前に使える漢字
俵,教育漢字
俵,常用漢字
俵,名前に使える漢字
評,教育漢字
評,常用漢字
評,名前に使える漢字
貧,教育漢字
貧,常用漢字
貧,名前に使える漢字
富,教育漢字
富,常用漢字
富,名前に使える漢字
布,教育漢字
布,常用漢字
布,名前に使える漢字
婦,教育漢字
婦,常用漢字
婦,名前に使える漢字
武,教育漢字
武,常用漢字
武,名前に使える漢字
復,教育漢字
復,常用漢字
復,名前に使える漢字
複,教育漢字
複,常用漢字
複,名前に使える漢字
仏,教育漢字
仏,常用漢字
仏,名前に使える漢字
編,教育漢字
編,常用漢字
編,名前に使える漢字
弁,教育漢字
弁,常用漢字
弁,名前に使える漢字
保,教育漢字
保,常用漢字
保,名前に使える漢字
墓,教育漢字
墓,常用漢字
墓,名前に使える漢字
豊,教育漢字
豊,常用漢字
豊,名前に使える漢字
報,教育漢字
報,常用漢字
報,名前に使える漢字
防,教育漢字
防,常用漢字
防,名前に使える漢字
暴,教育漢字
暴,常用漢字
暴,名前に使える漢字
夢,教育漢字
夢,常用漢字
夢,名前に使える漢字
務,教育漢字
務,常用漢字
務,名前に使える漢字
迷,教育漢字
迷,常用漢字
迷,名前に使える漢字
綿,教育漢字
綿,常用漢字
綿,名前に使える漢字
輸,教育漢字
輸,常用漢字
輸,名前に使える漢字
余,教育漢字
余,常用漢字
余,名前に使える漢字
預,教育漢字
預,常用漢字
預,名前に使える漢字
容,教育漢字
容,常用漢字
容,名前に使える漢字
率,教育漢字
率,常用漢字
率,名前に使える漢字
略,教育漢字
略,常用漢字
略,名前に使える漢字
留,教育漢字
留,常用漢字
留,名前に使える漢字
領,教育漢字
領,常用漢字
領,名前に使える漢字
異,教育漢字
異,常用漢字
異,名前に使える漢字
遺,教育漢字
遺,常用漢字
遺,名前に使える漢字
域,教育漢字
域,常用漢字
域,名前に使える漢字
宇,教育漢字
宇,常用漢字
宇,名前に使える漢字
映,教育漢字
映,常用漢字
映,名前に使える漢字
沿,教育漢字
沿,常用漢字
沿,名前に使える漢字
延,教育漢字
延,常用漢字
延,名前に使える漢字
我,教育漢字
我,常用漢字
我,名前に使える漢字
灰,教育漢字
灰,常用漢字
灰,名前に使える漢字
閣,教育漢字
閣,常用漢字
閣,名前に使える漢字
革,教育漢字
革,常用漢字
革,名前に使える漢字
拡,教育漢字
拡,常用漢字
拡,名前に使える漢字
割,教育漢字
割,常用漢字
割,名前に使える漢字
株,教育漢字
株,常用漢字
株,名前に使える漢字
簡,教育漢字
簡,常用漢字
簡,名前に使える漢字
干,教育漢字
干,常用漢字
干,名前に使える漢字
看,教育漢字
看,常用漢字
看,名前に使える漢字
巻,教育漢字
巻,常用漢字
巻,名前に使える漢字
危,教育漢字
危,常用漢字
危,名前に使える漢字
揮,教育漢字
揮,常用漢字
揮,名前に使える漢字
机,教育漢字
机,常用漢字
机,名前に使える漢字
貴,教育漢字
貴,常用漢字
貴,名前に使える漢字
疑,教育漢字
疑,常用漢字
疑,名前に使える漢字
吸,教育漢字
吸,常用漢字
吸,名前に使える漢字
郷,教育漢字
郷,常用漢字
郷,名前に使える漢字
胸,教育漢字
胸,常用漢字
胸,名前に使える漢字
供,教育漢字
供,常用漢字
供,名前に使える漢字
筋,教育漢字
筋,常用漢字
筋,名前に使える漢字
勤,教育漢字
勤,常用漢字
勤,名前に使える漢字
敬,教育漢字
敬,常用漢字
敬,名前に使える漢字
系,教育漢字
系,常用漢字
系,名前に使える漢字
警,教育漢字
警,常用漢字
警,名前に使える漢字
劇,教育漢字
劇,常用漢字
劇,名前に使える漢字
激,教育漢字
激,常用漢字
激,名前に使える漢字
穴,教育漢字
穴,常用漢字
穴,名前に使える漢字
絹,教育漢字
絹,常用漢字
絹,名前に使える漢字
憲,教育漢字
憲,常用漢字
憲,名前に使える漢字
権,教育漢字
権,常用漢字
権,名前に使える漢字
厳,教育漢字
厳,常用漢字
厳,名前に使える漢字
源,教育漢字
源,常用漢字
源,名前に使える漢字
己,教育漢字
己,常用漢字
己,名前に使える漢字
呼,教育漢字
呼,常用漢字
呼,名前に使える漢字
誤,教育漢字
誤,常用漢字
誤,名前に使える漢字
孝,教育漢字
孝,常用漢字
孝,名前に使える漢字
皇,教育漢字
皇,常用漢字
皇,名前に使える漢字
后,教育漢字
后,常用漢字
后,名前に使える漢字
紅,教育漢字
紅,常用漢字
紅,名前に使える漢字
鋼,教育漢字
鋼,常用漢字
鋼,名前に使える漢字
降,教育漢字
降,常用漢字
降,名前に使える漢字
穀,教育漢字
穀,常用漢字
穀,名前に使える漢字
刻,教育漢字
刻,常用漢字
刻,名前に使える漢字
骨,教育漢字
骨,常用漢字
骨,名前に使える漢字
困,教育漢字
困,常用漢字
困,名前に使える漢字
砂,教育漢字
砂,常用漢字
砂,名前に使える漢字
座,教育漢字
座,常用漢字
座,名前に使える漢字
済,教育漢字
済,常用漢字
済,名前に使える漢字
裁,教育漢字
裁,常用漢字
裁,名前に使える漢字
策,教育漢字
策,常用漢字
策,名前に使える漢字
冊,教育漢字
冊,常用漢字
冊,名前に使える漢字
蚕,教育漢字
蚕,常用漢字
蚕,名前に使える漢字
誌,教育漢字
誌,常用漢字
誌,名前に使える漢字
視,教育漢字
視,常用漢字
視,名前に使える漢字
私,教育漢字
私,常用漢字
私,名前に使える漢字
詞,教育漢字
詞,常用漢字
詞,名前に使える漢字
至,教育漢字
至,常用漢字
至,名前に使える漢字
姿,教育漢字
姿,常用漢字
姿,名前に使える漢字
磁,教育漢字
磁,常用漢字
磁,名前に使える漢字
捨,教育漢字
捨,常用漢字
捨,名前に使える漢字
射,教育漢字
射,常用漢字
射,名前に使える漢字
尺,教育漢字
尺,常用漢字
尺,名前に使える漢字
若,教育漢字
若,常用漢字
若,名前に使える漢字
樹,教育漢字
樹,常用漢字
樹,名前に使える漢字
宗,教育漢字
宗,常用漢字
宗,名前に使える漢字
収,教育漢字
収,常用漢字
収,名前に使える漢字
衆,教育漢字
衆,常用漢字
衆,名前に使える漢字
就,教育漢字
就,常用漢字
就,名前に使える漢字
従,教育漢字
従,常用漢字
従,名前に使える漢字
縦,教育漢字
縦,常用漢字
縦,名前に使える漢字
縮,教育漢字
縮,常用漢字
縮,名前に使える漢字
熟,教育漢字
熟,常用漢字
熟,名前に使える漢字
純,教育漢字
純,常用漢字
純,名前に使える漢字
署,教育漢字
署,常用漢字
署,名前に使える漢字
処,教育漢字
処,常用漢字
処,名前に使える漢字
諸,教育漢字
諸,常用漢字
諸,名前に使える漢字
除,教育漢字
除,常用漢字
除,名前に使える漢字
傷,教育漢字
傷,常用漢字
傷,名前に使える漢字
障,教育漢字
障,常用漢字
障,名前に使える漢字
将,教育漢字
将,常用漢字
将,名前に使える漢字
城,教育漢字
城,常用漢字
城,名前に使える漢字
蒸,教育漢字
蒸,常用漢字
蒸,名前に使える漢字
針,教育漢字
針,常用漢字
針,名前に使える漢字
仁,教育漢字
仁,常用漢字
仁,名前に使える漢字
推,教育漢字
推,常用漢字
推,名前に使える漢字
垂,教育漢字
垂,常用漢字
垂,名前に使える漢字
寸,教育漢字
寸,常用漢字
寸,名前に使える漢字
誠,教育漢字
誠,常用漢字
誠,名前に使える漢字
聖,教育漢字
聖,常用漢字
聖,名前に使える漢字
盛,教育漢字
盛,常用漢字
盛,名前に使える漢字
専,教育漢字
専,常用漢字
専,名前に使える漢字
宣,教育漢字
宣,常用漢字
宣,名前に使える漢字
染,教育漢字
染,常用漢字
染,名前に使える漢字
泉,教育漢字
泉,常用漢字
泉,名前に使える漢字
洗,教育漢字
洗,常用漢字
洗,名前に使える漢字
善,教育漢字
善,常用漢字
善,名前に使える漢字
層,教育漢字
層,常用漢字
層,名前に使える漢字
装,教育漢字
装,常用漢字
装,名前に使える漢字
奏,教育漢字
奏,常用漢字
奏,名前に使える漢字
操,教育漢字
操,常用漢字
操,名前に使える漢字
創,教育漢字
創,常用漢字
創,名前に使える漢字
窓,教育漢字
窓,常用漢字
窓,名前に使える漢字
蔵,教育漢字
蔵,常用漢字
蔵,名前に使える漢字
臓,教育漢字
臓,常用漢字
臓,名前に使える漢字
尊,教育漢字
尊,常用漢字
尊,名前に使える漢字
存,教育漢字
存,常用漢字
存,名前に使える漢字
宅,教育漢字
宅,常用漢字
宅,名前に使える漢字
探,教育漢字
探,常用漢字
探,名前に使える漢字
担,教育漢字
担,常用漢字
担,名前に使える漢字
誕,教育漢字
誕,常用漢字
誕,名前に使える漢字
暖,教育漢字
暖,常用漢字
暖,名前に使える漢字
段,教育漢字
段,常用漢字
段,名前に使える漢字
値,教育漢字
値,常用漢字
値,名前に使える漢字
宙,教育漢字
宙,常用漢字
宙,名前に使える漢字
忠,教育漢字
忠,常用漢字
忠,名前に使える漢字
著,教育漢字
著,常用漢字
著,名前に使える漢字
潮,教育漢字
潮,常用漢字
潮,名前に使える漢字
頂,教育漢字
頂,常用漢字
頂,名前に使える漢字
庁,教育漢字
庁,常用漢字
庁,名前に使える漢字
賃,教育漢字
賃,常用漢字
賃,名前に使える漢字
痛,教育漢字
痛,常用漢字
痛,名前に使える漢字
展,教育漢字
展,常用漢字
展,名前に使える漢字
党,教育漢字
党,常用漢字
党,名前に使える漢字
討,教育漢字
討,常用漢字
討,名前に使える漢字
糖,教育漢字
糖,常用漢字
糖,名前に使える漢字
届,教育漢字
届,常用漢字
届,名前に使える漢字
難,教育漢字
難,常用漢字
難,名前に使える漢字
乳,教育漢字
乳,常用漢字
乳,名前に使える漢字
認,教育漢字
認,常用漢字
認,名前に使える漢字
脳,教育漢字
脳,常用漢字
脳,名前に使える漢字
納,教育漢字
納,常用漢字
納,名前に使える漢字
派,教育漢字
派,常用漢字
派,名前に使える漢字
肺,教育漢字
肺,常用漢字
肺,名前に使える漢字
背,教育漢字
背,常用漢字
背,名前に使える漢字
俳,教育漢字
俳,常用漢字
俳,名前に使える漢字
拝,教育漢字
拝,常用漢字
拝,名前に使える漢字
班,教育漢字
班,常用漢字
班,名前に使える漢字
晩,教育漢字
晩,常用漢字
晩,名前に使える漢字
否,教育漢字
否,常用漢字
否,名前に使える漢字
秘,教育漢字
秘,常用漢字
秘,名前に使える漢字
批,教育漢字
批,常用漢字
批,名前に使える漢字
腹,教育漢字
腹,常用漢字
腹,名前に使える漢字
奮,教育漢字
奮,常用漢字
奮,名前に使える漢字
陛,教育漢字
陛,常用漢字
陛,名前に使える漢字
並,教育漢字
並,常用漢字
並,名前に使える漢字
閉,教育漢字
閉,常用漢字
閉,名前に使える漢字
補,教育漢字
補,常用漢字
補,名前に使える漢字
暮,教育漢字
暮,常用漢字
暮,名前に使える漢字
訪,教育漢字
訪,常用漢字
訪,名前に使える漢字
宝,教育漢字
宝,常用漢字
宝,名前に使える漢字
棒,教育漢字
棒,常用漢字
棒,名前に使える漢字
忘,教育漢字
忘,常用漢字
忘,名前に使える漢字
亡,教育漢字
亡,常用漢字
亡,名前に使える漢字
枚,教育漢字
枚,常用漢字
枚,名前に使える漢字
幕,教育漢字
幕,常用漢字
幕,名前に使える漢字
密,教育漢字
密,常用漢字
密,名前に使える漢字
盟,教育漢字
盟,常用漢字
盟,名前に使える漢字
模,教育漢字
模,常用漢字
模,名前に使える漢字
訳,教育漢字
訳,常用漢字
訳,名前に使える漢字
優,教育漢字
優,常用漢字
優,名前に使える漢字
郵,教育漢字
郵,常用漢字
郵,名前に使える漢字
幼,教育漢字
幼,常用漢字
幼,名前に使える漢字
翌,教育漢字
翌,常用漢字
翌,名前に使える漢字
欲,教育漢字
欲,常用漢字
欲,名前に使える漢字
卵,教育漢字
卵,常用漢字
卵,名前に使える漢字
乱,教育漢字
乱,常用漢字
乱,名前に使える漢字
覧,教育漢字
覧,常用漢字
覧,名前に使える漢字
裏,教育漢字
裏,常用漢字
裏,名前に使える漢字
律,教育漢字
律,常用漢字
律,名前に使える漢字
臨,教育漢字
臨,常用漢字
臨,名前に使える漢字
論,教育漢字
論,常用漢字
論,名前に使える漢字
握,常用漢字
握,名前に使える漢字
扱,常用漢字
扱,名前に使える漢字
依,常用漢字
依,名前に使える漢字
威,常用漢字
威,名前に使える漢字
偉,常用漢字
偉,名前に使える漢字
為,常用漢字
為,名前に使える漢字
違,常用漢字
違,名前に使える漢字
緯,常用漢字
緯,名前に使える漢字
維,常用漢字
維,名前に使える漢字
壱,常用漢字
壱,名前に使える漢字
芋,常用漢字
芋,名前に使える漢字
隠,常用漢字
隠,名前に使える漢字
陰,常用漢字
陰,名前に使える漢字
鋭,常用漢字
鋭,名前に使える漢字
影,常用漢字
影,名前に使える漢字
越,常用漢字
越,名前に使える漢字
援,常用漢字
援,名前に使える漢字
縁,常用漢字
縁,名前に使える漢字
煙,常用漢字
煙,名前に使える漢字
鉛,常用漢字
鉛,名前に使える漢字
汚,常用漢字
汚,名前に使える漢字
押,常用漢字
押,名前に使える漢字
奥,常用漢字
奥,名前に使える漢字
憶,常用漢字
憶,名前に使える漢字
菓,常用漢字
菓,名前に使える漢字
箇,常用漢字
箇,名前に使える漢字
暇,常用漢字
暇,名前に使える漢字
雅,常用漢字
雅,名前に使える漢字
介,常用漢字
介,名前に使える漢字
壊,常用漢字
壊,名前に使える漢字
戒,常用漢字
戒,名前に使える漢字
皆,常用漢字
皆,名前に使える漢字
較,常用漢字
較,名前に使える漢字
獲,常用漢字
獲,名前に使える漢字
刈,常用漢字
刈,名前に使える漢字
甘,常用漢字
甘,名前に使える漢字
監,常用漢字
監,名前に使える漢字
汗,常用漢字
汗,名前に使える漢字
歓,常用漢字
歓,名前に使える漢字
勧,常用漢字
勧,名前に使える漢字
乾,常用漢字
乾,名前に使える漢字
鑑,常用漢字
鑑,名前に使える漢字
環,常用漢字
環,名前に使える漢字
含,常用漢字
含,名前に使える漢字
奇,常用漢字
奇,名前に使える漢字
鬼,常用漢字
鬼,名前に使える漢字
祈,常用漢字
祈,名前に使える漢字
輝,常用漢字
輝,名前に使える漢字
幾,常用漢字
幾,名前に使える漢字
儀,常用漢字
儀,名前に使える漢字
戯,常用漢字
戯,名前に使える漢字
詰,常用漢字
詰,名前に使える漢字
脚,常用漢字
脚,名前に使える漢字
却,常用漢字
却,名前に使える漢字
丘,常用漢字
丘,名前に使える漢字
及,常用漢字
及,名前に使える漢字
朽,常用漢字
朽,名前に使える漢字
拠,常用漢字
拠,名前に使える漢字
巨,常用漢字
巨,名前に使える漢字
距,常用漢字
距,名前に使える漢字
御,常用漢字
御,名前に使える漢字
驚,常用漢字
驚,名前に使える漢字
凶,常用漢字
凶,名前に使える漢字
恐,常用漢字
恐,名前に使える漢字
響,常用漢字
響,名前に使える漢字
叫,常用漢字
叫,名前に使える漢字
狭,常用漢字
狭,名前に使える漢字
狂,常用漢字
狂,名前に使える漢字
況,常用漢字
況,名前に使える漢字
仰,常用漢字
仰,名前に使える漢字
駆,常用漢字
駆,名前に使える漢字
屈,常用漢字
屈,名前に使える漢字
掘,常用漢字
掘,名前に使える漢字
繰,常用漢字
繰,名前に使える漢字
傾,常用漢字
傾,名前に使える漢字
恵,常用漢字
恵,名前に使える漢字
迎,常用漢字
迎,名前に使える漢字
撃,常用漢字
撃,名前に使える漢字
肩,常用漢字
肩,名前に使える漢字
堅,常用漢字
堅,名前に使える漢字
遣,常用漢字
遣,名前に使える漢字
兼,常用漢字
兼,名前に使える漢字
軒,常用漢字
軒,名前に使える漢字
圏,常用漢字
圏,名前に使える漢字
剣,常用漢字
剣,名前に使える漢字
玄,常用漢字
玄,名前に使える漢字
誇,常用漢字
誇,名前に使える漢字
鼓,常用漢字
鼓,名前に使える漢字
枯,常用漢字
枯,名前に使える漢字
継,常用漢字
継,名前に使える漢字
互,常用漢字
互,名前に使える漢字
更,常用漢字
更,名前に使える漢字
荒,常用漢字
荒,名前に使える漢字
抗,常用漢字
抗,名前に使える漢字
攻,常用漢字
攻,名前に使える漢字
稿,常用漢字
稿,名前に使える漢字
香,教育漢字
香,常用漢字
香,名前に使える漢字
恒,常用漢字
恒,名前に使える漢字
項,常用漢字
項,名前に使える漢字
豪,常用漢字
豪,名前に使える漢字
込,常用漢字
込,名前に使える漢字
込,国字
婚,常用漢字
婚,名前に使える漢字
鎖,常用漢字
鎖,名前に使える漢字
歳,常用漢字
歳,名前に使える漢字
彩,常用漢字
彩,名前に使える漢字
載,常用漢字
載,名前に使える漢字
剤,常用漢字
剤,名前に使える漢字
咲,常用漢字
咲,名前に使える漢字
惨,常用漢字
惨,名前に使える漢字
雌,常用漢字
雌,名前に使える漢字
伺,常用漢字
伺,名前に使える漢字
紫,常用漢字
紫,名前に使える漢字
刺,常用漢字
刺,名前に使える漢字
脂,常用漢字
脂,名前に使える漢字
旨,常用漢字
旨,名前に使える漢字
執,常用漢字
執,名前に使える漢字
芝,常用漢字
芝,名前に使える漢字
煮,常用漢字
煮,名前に使える漢字
斜,常用漢字
斜,名前に使える漢字
釈,常用漢字
釈,名前に使える漢字
寂,常用漢字
寂,名前に使える漢字
狩,常用漢字
狩,名前に使える漢字
朱,常用漢字
朱,名前に使える漢字
趣,常用漢字
趣,名前に使える漢字
需,常用漢字
需,名前に使える漢字
秀,常用漢字
秀,名前に使える漢字
舟,常用漢字
舟,名前に使える漢字
襲,常用漢字
襲,名前に使える漢字
柔,常用漢字
柔,名前に使える漢字
獣,常用漢字
獣,名前に使える漢字
瞬,常用漢字
瞬,名前に使える漢字
巡,常用漢字
巡,名前に使える漢字
旬,常用漢字
旬,名前に使える漢字
盾,常用漢字
盾,名前に使える漢字
紹,常用漢字
紹,名前に使える漢字
召,常用漢字
召,名前に使える漢字
沼,常用漢字
沼,名前に使える漢字
詳,常用漢字
詳,名前に使える漢字
床,常用漢字
床,名前に使える漢字
称,常用漢字
称,名前に使える漢字
畳,常用漢字
畳,名前に使える漢字
丈,常用漢字
丈,名前に使える漢字
飾,常用漢字
飾,名前に使える漢字
殖,常用漢字
殖,名前に使える漢字
触,常用漢字
触,名前に使える漢字
浸,常用漢字
浸,名前に使える漢字
震,常用漢字
震,名前に使える漢字
慎,常用漢字
慎,名前に使える漢字
侵,常用漢字
侵,名前に使える漢字
寝,常用漢字
寝,名前に使える漢字
振,常用漢字
振,名前に使える漢字
薪,常用漢字
薪,名前に使える漢字
陣,常用漢字
陣,名前に使える漢字
尽,常用漢字
尽,名前に使える漢字
尋,常用漢字
尋,名前に使える漢字
吹,常用漢字
吹,名前に使える漢字
是,常用漢字
是,名前に使える漢字
征,常用漢字
征,名前に使える漢字
姓,常用漢字
姓,名前に使える漢字
井,教育漢字
井,常用漢字
井,名前に使える漢字
跡,常用漢字
跡,名前に使える漢字
扇,常用漢字
扇,名前に使える漢字
占,常用漢字
占,名前に使える漢字
鮮,常用漢字
鮮,名前に使える漢字
訴,常用漢字
訴,名前に使える漢字
燥,常用漢字
燥,名前に使える漢字
騒,常用漢字
騒,名前に使える漢字
僧,常用漢字
僧,名前に使える漢字
贈,常用漢字
贈,名前に使える漢字
即,常用漢字
即,名前に使える漢字
俗,常用漢字
俗,名前に使える漢字
耐,常用漢字
耐,名前に使える漢字
替,常用漢字
替,名前に使える漢字
拓,常用漢字
拓,名前に使える漢字
沢,常用漢字
沢,名前に使える漢字
濁,常用漢字
濁,名前に使える漢字
脱,常用漢字
脱,名前に使える漢字
丹,常用漢字
丹,名前に使える漢字
端,常用漢字
端,名前に使える漢字
嘆,常用漢字
嘆,名前に使える漢字
淡,常用漢字
淡,名前に使える漢字
弾,常用漢字
弾,名前に使える漢字
恥,常用漢字
恥,名前に使える漢字
遅,常用漢字
遅,名前に使える漢字
致,常用漢字
致,名前に使える漢字
蓄,常用漢字
蓄,名前に使える漢字
沖,教育漢字
沖,常用漢字
沖,名前に使える漢字
跳,常用漢字
跳,名前に使える漢字
徴,常用漢字
徴,名前に使える漢字
澄,常用漢字
澄,名前に使える漢字
珍,常用漢字
珍,名前に使える漢字
沈,常用漢字
沈,名前に使える漢字
抵,常用漢字
抵,名前に使える漢字
堤,常用漢字
堤,名前に使える漢字
摘,常用漢字
摘,名前に使える漢字
滴,常用漢字
滴,名前に使える漢字
添,常用漢字
添,名前に使える漢字
殿,常用漢字
殿,名前に使える漢字
途,常用漢字
途,名前に使える漢字
吐,常用漢字
吐,名前に使える漢字
渡,常用漢字
渡,名前に使える漢字
奴,常用漢字
奴,名前に使える漢字
怒,常用漢字
怒,名前に使える漢字
透,常用漢字
透,名前に使える漢字
唐,常用漢字
唐,名前に使える漢字
桃,常用漢字
桃,名前に使える漢字
盗,常用漢字
盗,名前に使える漢字
塔,常用漢字
塔,名前に使える漢字
到,常用漢字
到,名前に使える漢字
倒,常用漢字
倒,名前に使える漢字
逃,常用漢字
逃,名前に使える漢字
踏,常用漢字
踏,名前に使える漢字
稲,常用漢字
稲,名前に使える漢字
闘,常用漢字
闘,名前に使える漢字
胴,常用漢字
胴,名前に使える漢字
峠,常用漢字
峠,名前に使える漢字
峠,国字
突,常用漢字
突,名前に使える漢字
鈍,常用漢字
鈍,名前に使える漢字
曇,常用漢字
曇,名前に使える漢字
弐,常用漢字
弐,名前に使える漢字
悩,常用漢字
悩,名前に使える漢字
濃,常用漢字
濃,名前に使える漢字
輩,常用漢字
輩,名前に使える漢字
杯,常用漢字
杯,名前に使える漢字
泊,常用漢字
泊,名前に使える漢字
拍,常用漢字
拍,名前に使える漢字
迫,常用漢字
迫,名前に使える漢字
薄,常用漢字
薄,名前に使える漢字
爆,常用漢字
爆,名前に使える漢字
髪,常用漢字
髪,名前に使える漢字
抜,常用漢字
抜,名前に使える漢字
罰,常用漢字
罰,名前に使える漢字
繁,常用漢字
繁,名前に使える漢字
販,常用漢字
販,名前に使える漢字
搬,常用漢字
搬,名前に使える漢字
範,常用漢字
範,名前に使える漢字
般,常用漢字
般,名前に使える漢字
盤,常用漢字
盤,名前に使える漢字
被,常用漢字
被,名前に使える漢字
疲,常用漢字
疲,名前に使える漢字
彼,常用漢字
彼,名前に使える漢字
避,常用漢字
避,名前に使える漢字
尾,常用漢字
尾,名前に使える漢字
微,常用漢字
微,名前に使える漢字
匹,常用漢字
匹,名前に使える漢字
描,常用漢字
描,名前に使える漢字
浜,常用漢字
浜,名前に使える漢字
敏,常用漢字
敏,名前に使える漢字
怖,常用漢字
怖,名前に使える漢字
膚,常用漢字
膚,名前に使える漢字
浮,常用漢字
浮,名前に使える漢字
腐,常用漢字
腐,名前に使える漢字
敷,常用漢字
敷,名前に使える漢字
普,常用漢字
普,名前に使える漢字
賦,常用漢字
賦,名前に使える漢字
舞,常用漢字
舞,名前に使える漢字
幅,常用漢字
幅,名前に使える漢字
払,常用漢字
払,名前に使える漢字
噴,常用漢字
噴,名前に使える漢字
柄,常用漢字
柄,名前に使える漢字
壁,常用漢字
壁,名前に使える漢字
捕,常用漢字
捕,名前に使える漢字
舗,常用漢字
舗,名前に使える漢字
峰,常用漢字
峰,名前に使える漢字
抱,常用漢字
抱,名前に使える漢字
砲,常用漢字
砲,名前に使える漢字
肪,常用漢字
肪,名前に使える漢字
坊,常用漢字
坊,名前に使える漢字
忙,常用漢字
忙,名前に使える漢字
冒,常用漢字
冒,名前に使える漢字
傍,常用漢字
傍,名前に使える漢字
帽,常用漢字
帽,名前に使える漢字
凡,常用漢字
凡,名前に使える漢字
盆,常用漢字
盆,名前に使える漢字
漫,常用漢字
漫,名前に使える漢字
慢,常用漢字
慢,名前に使える漢字
妙,常用漢字
妙,名前に使える漢字
眠,常用漢字
眠,名前に使える漢字
矛,常用漢字
矛,名前に使える漢字
霧,常用漢字
霧,名前に使える漢字
娘,常用漢字
娘,名前に使える漢字
茂,常用漢字
茂,名前に使える漢字
網,常用漢字
網,名前に使える漢字
猛,常用漢字
猛,名前に使える漢字
黙,常用漢字
黙,名前に使える漢字
紋,常用漢字
紋,名前に使える漢字
躍,常用漢字
躍,名前に使える漢字
雄,常用漢字
雄,名前に使える漢字
与,常用漢字
与,名前に使える漢字
誉,常用漢字
誉,名前に使える漢字
腰,常用漢字
腰,名前に使える漢字
溶,常用漢字
溶,名前に使える漢字
踊,常用漢字
踊,名前に使える漢字
謡,常用漢字
謡,名前に使える漢字
翼,常用漢字
翼,名前に使える漢字
雷,常用漢字
雷,名前に使える漢字
頼,常用漢字
頼,名前に使える漢字
絡,常用漢字
絡,名前に使える漢字
欄,常用漢字
欄,名前に使える漢字
離,常用漢字
離,名前に使える漢字
粒,常用漢字
粒,名前に使える漢字
慮,常用漢字
慮,名前に使える漢字
療,常用漢字
療,名前に使える漢字
隣,常用漢字
隣,名前に使える漢字
涙,常用漢字
涙,名前に使える漢字
隷,常用漢字
隷,名前に使える漢字
麗,常用漢字
麗,名前に使える漢字
齢,常用漢字
齢,名前に使える漢字
暦,常用漢字
暦,名前に使える漢字
劣,常用漢字
劣,名前に使える漢字
烈,常用漢字
烈,名前に使える漢字
恋,常用漢字
恋,名前に使える漢字
露,常用漢字
露,名前に使える漢字
郎,常用漢字
郎,名前に使える漢字
朗,教育漢字
朗,常用漢字
朗,名前に使える漢字
惑,常用漢字
惑,名前に使える漢字
腕,常用漢字
腕,名前に使える漢字
哀,常用漢字
哀,名前に使える漢字
慰,常用漢字
慰,名前に使える漢字
詠,常用漢字
詠,名前に使える漢字
悦,常用漢字
悦,名前に使える漢字
閲,常用漢字
閲,名前に使える漢字
炎,常用漢字
炎,名前に使える漢字
宴,常用漢字
宴,名前に使える漢字
欧,常用漢字
欧,名前に使える漢字
殴,常用漢字
殴,名前に使える漢字
乙,常用漢字
乙,名前に使える漢字
卸,常用漢字
卸,名前に使える漢字
穏,常用漢字
穏,名前に使える漢字
架,常用漢字
架,名前に使える漢字
佳,常用漢字
佳,名前に使える漢字
華,常用漢字
華,名前に使える漢字
嫁,常用漢字
嫁,名前に使える漢字
餓,常用漢字
餓,名前に使える漢字
怪,常用漢字
怪,名前に使える漢字
悔,常用漢字
悔,名前に使える漢字
塊,常用漢字
塊,名前に使える漢字
概,常用漢字
概,名前に使える漢字
慨,常用漢字
慨,名前に使える漢字
該,常用漢字
該,名前に使える漢字
穫,常用漢字
穫,名前に使える漢字
隔,常用漢字
隔,名前に使える漢字
郭,常用漢字
郭,名前に使える漢字
岳,常用漢字
岳,名前に使える漢字
掛,常用漢字
掛,名前に使える漢字
滑,常用漢字
滑,名前に使える漢字
勘,常用漢字
勘,名前に使える漢字
肝,常用漢字
肝,名前に使える漢字
貫,常用漢字
貫,名前に使える漢字
敢,常用漢字
敢,名前に使える漢字
緩,常用漢字
緩,名前に使える漢字
冠,常用漢字
冠,名前に使える漢字
換,常用漢字
換,名前に使える漢字
喚,常用漢字
喚,名前に使える漢字
企,常用漢字
企,名前に使える漢字
軌,常用漢字
軌,名前に使える漢字
棄,常用漢字
棄,名前に使える漢字
棋,常用漢字
棋,名前に使える漢字
忌,常用漢字
忌,名前に使える漢字
既,常用漢字
既,名前に使える漢字
岐,教育漢字
岐,常用漢字
岐,名前に使える漢字
騎,常用漢字
騎,名前に使える漢字
犠,常用漢字
犠,名前に使える漢字
欺,常用漢字
欺,名前に使える漢字
菊,常用漢字
菊,名前に使える漢字
吉,常用漢字
吉,名前に使える漢字
喫,常用漢字
喫,名前に使える漢字
虐,常用漢字
虐,名前に使える漢字
虚,常用漢字
虚,名前に使える漢字
脅,常用漢字
脅,名前に使える漢字
峡,常用漢字
峡,名前に使える漢字
凝,常用漢字
凝,名前に使える漢字
緊,常用漢字
緊,名前に使える漢字
斤,常用漢字
斤,名前に使える漢字
愚,常用漢字
愚,名前に使える漢字
偶,常用漢字
偶,名前に使える漢字
遇,常用漢字
遇,名前に使える漢字
啓,常用漢字
啓,名前に使える漢字
鶏,常用漢字
鶏,名前に使える漢字
携,常用漢字
携,名前に使える漢字
掲,常用漢字
掲,名前に使える漢字
刑,常用漢字
刑,名前に使える漢字
憩,常用漢字
憩,名前に使える漢字
契,常用漢字
契,名前に使える漢字
鯨,常用漢字
鯨,名前に使える漢字
賢,常用漢字
賢,名前に使える漢字
倹,常用漢字
倹,名前に使える漢字
幻,常用漢字
幻,名前に使える漢字
雇,常用漢字
雇,名前に使える漢字
顧,常用漢字
顧,名前に使える漢字
弧,常用漢字
弧,名前に使える漢字
孤,常用漢字
孤,名前に使える漢字
悟,常用漢字
悟,名前に使える漢字
娯,常用漢字
娯,名前に使える漢字
甲,常用漢字
甲,名前に使える漢字
孔,常用漢字
孔,名前に使える漢字
控,常用漢字
控,名前に使える漢字
拘,常用漢字
拘,名前に使える漢字
郊,常用漢字
郊,名前に使える漢字
硬,常用漢字
硬,名前に使える漢字
綱,常用漢字
綱,名前に使える漢字
巧,常用漢字
巧,名前に使える漢字
坑,常用漢字
坑,名前に使える漢字
慌,常用漢字
慌,名前に使える漢字
絞,常用漢字
絞,名前に使える漢字
酵,常用漢字
酵,名前に使える漢字
克,常用漢字
克,名前に使える漢字
獄,常用漢字
獄,名前に使える漢字
魂,常用漢字
魂,名前に使える漢字
紺,常用漢字
紺,名前に使える漢字
恨,常用漢字
恨,名前に使える漢字
墾,常用漢字
墾,名前に使える漢字
催,常用漢字
催,名前に使える漢字
債,常用漢字
債,名前に使える漢字
削,常用漢字
削,名前に使える漢字
錯,常用漢字
錯,名前に使える漢字
搾,常用漢字
搾,名前に使える漢字
搾,国字※
撮,常用漢字
撮,名前に使える漢字
擦,常用漢字
擦,名前に使える漢字
暫,常用漢字
暫,名前に使える漢字
施,常用漢字
施,名前に使える漢字
祉,常用漢字
祉,名前に使える漢字
諮,常用漢字
諮,名前に使える漢字
侍,常用漢字
侍,名前に使える漢字
慈,常用漢字
慈,名前に使える漢字
軸,常用漢字
軸,名前に使える漢字
湿,常用漢字
湿,名前に使える漢字
疾,常用漢字
疾,名前に使える漢字
赦,常用漢字
赦,名前に使える漢字
邪,常用漢字
邪,名前に使える漢字
殊,常用漢字
殊,名前に使える漢字
寿,常用漢字
寿,名前に使える漢字
潤,常用漢字
潤,名前に使える漢字
遵,常用漢字
遵,名前に使える漢字
徐,常用漢字
徐,名前に使える漢字
如,常用漢字
如,名前に使える漢字
晶,常用漢字
晶,名前に使える漢字
掌,常用漢字
掌,名前に使える漢字
鐘,常用漢字
鐘,名前に使える漢字
焦,常用漢字
焦,名前に使える漢字
衝,常用漢字
衝,名前に使える漢字
昇,常用漢字
昇,名前に使える漢字
匠,常用漢字
匠,名前に使える漢字
譲,常用漢字
譲,名前に使える漢字
錠,常用漢字
錠,名前に使える漢字
嬢,常用漢字
嬢,名前に使える漢字
冗,常用漢字
冗,名前に使える漢字
嘱,常用漢字
嘱,名前に使える漢字
辱,常用漢字
辱,名前に使える漢字
審,常用漢字
審,名前に使える漢字
伸,常用漢字
伸,名前に使える漢字
辛,常用漢字
辛,名前に使える漢字
粋,常用漢字
粋,名前に使える漢字
炊,常用漢字
炊,名前に使える漢字
遂,常用漢字
遂,名前に使える漢字
衰,常用漢字
衰,名前に使える漢字
穂,常用漢字
穂,名前に使える漢字
酔,常用漢字
酔,名前に使える漢字
随,常用漢字
随,名前に使える漢字
髄,常用漢字
髄,名前に使える漢字
瀬,常用漢字
瀬,名前に使える漢字
牲,常用漢字
牲,名前に使える漢字
婿,常用漢字
婿,名前に使える漢字
請,常用漢字
請,名前に使える漢字
隻,常用漢字
隻,名前に使える漢字
惜,常用漢字
惜,名前に使える漢字
斥,常用漢字
斥,名前に使える漢字
籍,常用漢字
籍,名前に使える漢字
摂,常用漢字
摂,名前に使える漢字
潜,常用漢字
潜,名前に使える漢字
繕,常用漢字
繕,名前に使える漢字
措,常用漢字
措,名前に使える漢字
阻,常用漢字
阻,名前に使える漢字
粗,常用漢字
粗,名前に使える漢字
礎,常用漢字
礎,名前に使える漢字
双,常用漢字
双,名前に使える漢字
桑,常用漢字
桑,名前に使える漢字
葬,常用漢字
葬,名前に使える漢字
掃,常用漢字
掃,名前に使える漢字
遭,常用漢字
遭,名前に使える漢字
憎,常用漢字
憎,名前に使える漢字
促,常用漢字
促,名前に使える漢字
賊,常用漢字
賊,名前に使える漢字
逮,常用漢字
逮,名前に使える漢字
胎,常用漢字
胎,名前に使える漢字
怠,常用漢字
怠,名前に使える漢字
滞,常用漢字
滞,名前に使える漢字
袋,常用漢字
袋,名前に使える漢字
滝,常用漢字
滝,名前に使える漢字
託,常用漢字
託,名前に使える漢字
卓,常用漢字
卓,名前に使える漢字
択,常用漢字
択,名前に使える漢字
諾,常用漢字
諾,名前に使える漢字
奪,常用漢字
奪,名前に使える漢字
胆,常用漢字
胆,名前に使える漢字
鍛,常用漢字
鍛,名前に使える漢字
壇,常用漢字
壇,名前に使える漢字
稚,常用漢字
稚,名前に使える漢字
畜,常用漢字
畜,名前に使える漢字
窒,常用漢字
窒,名前に使える漢字
駐,常用漢字
駐,名前に使える漢字
抽,常用漢字
抽,名前に使える漢字
鋳,常用漢字
鋳,名前に使える漢字
彫,常用漢字
彫,名前に使える漢字
超,常用漢字
超,名前に使える漢字
聴,常用漢字
聴,名前に使える漢字
陳,常用漢字
陳,名前に使える漢字
鎮,常用漢字
鎮,名前に使える漢字
墜,常用漢字
墜,名前に使える漢字
訂,常用漢字
訂,名前に使える漢字
帝,常用漢字
帝,名前に使える漢字
締,常用漢字
締,名前に使える漢字
哲,常用漢字
哲,名前に使える漢字
斗,常用漢字
斗,名前に使える漢字
塗,常用漢字
塗,名前に使える漢字
陶,常用漢字
陶,名前に使える漢字
凍,常用漢字
凍,名前に使える漢字
痘,常用漢字
痘,名前に使える漢字
匿,常用漢字
匿,名前に使える漢字
篤,常用漢字
篤,名前に使える漢字
豚,常用漢字
豚,名前に使える漢字
尿,常用漢字
尿,名前に使える漢字
粘,常用漢字
粘,名前に使える漢字
婆,常用漢字
婆,名前に使える漢字
排,常用漢字
排,名前に使える漢字
陪,常用漢字
陪,名前に使える漢字
縛,常用漢字
縛,名前に使える漢字
伐,常用漢字
伐,名前に使える漢字
帆,常用漢字
帆,名前に使える漢字
伴,常用漢字
伴,名前に使える漢字
藩,常用漢字
藩,名前に使える漢字
畔,常用漢字
畔,名前に使える漢字
蛮,常用漢字
蛮,名前に使える漢字
泌,常用漢字
泌,名前に使える漢字
卑,常用漢字
卑,名前に使える漢字
碑,常用漢字
碑,名前に使える漢字
姫,常用漢字
姫,名前に使える漢字
漂,常用漢字
漂,名前に使える漢字
苗,常用漢字
苗,名前に使える漢字
赴,常用漢字
赴,名前に使える漢字
符,常用漢字
符,名前に使える漢字
封,常用漢字
封,名前に使える漢字
伏,常用漢字
伏,名前に使える漢字
覆,常用漢字
覆,名前に使える漢字
墳,常用漢字
墳,名前に使える漢字
紛,常用漢字
紛,名前に使える漢字
癖,常用漢字
癖,名前に使える漢字
募,常用漢字
募,名前に使える漢字
慕,常用漢字
慕,名前に使える漢字
簿,常用漢字
簿,名前に使える漢字
崩,常用漢字
崩,名前に使える漢字
芳,常用漢字
芳,名前に使える漢字
胞,常用漢字
胞,名前に使える漢字
縫,常用漢字
縫,名前に使える漢字
倣,常用漢字
倣,名前に使える漢字
邦,常用漢字
邦,名前に使える漢字
飽,常用漢字
飽,名前に使える漢字
奉,常用漢字
奉,名前に使える漢字
妨,常用漢字
妨,名前に使える漢字
乏,常用漢字
乏,名前に使える漢字
謀,常用漢字
謀,名前に使える漢字
膨,常用漢字
膨,名前に使える漢字
房,常用漢字
房,名前に使える漢字
某,常用漢字
某,名前に使える漢字
墨,常用漢字
墨,名前に使える漢字
没,常用漢字
没,名前に使える漢字
翻,常用漢字
翻,名前に使える漢字
魔,常用漢字
魔,名前に使える漢字
埋,常用漢字
埋,名前に使える漢字
膜,常用漢字
膜,名前に使える漢字
又,常用漢字
又,名前に使える漢字
魅,常用漢字
魅,名前に使える漢字
滅,常用漢字
滅,名前に使える漢字
免,常用漢字
免,名前に使える漢字
幽,常用漢字
幽,名前に使える漢字
憂,常用漢字
憂,名前に使える漢字
誘,常用漢字
誘,名前に使える漢字
擁,常用漢字
擁,名前に使える漢字
揚,常用漢字
揚,名前に使える漢字
揺,常用漢字
揺,名前に使える漢字
抑,常用漢字
抑,名前に使える漢字
裸,常用漢字
裸,名前に使える漢字
濫,常用漢字
濫,名前に使える漢字
吏,常用漢字
吏,名前に使える漢字
隆,常用漢字
隆,名前に使える漢字
了,常用漢字
了,名前に使える漢字
猟,常用漢字
猟,名前に使える漢字
陵,常用漢字
陵,名前に使える漢字
糧,常用漢字
糧,名前に使える漢字
厘,常用漢字
厘,名前に使える漢字
零,常用漢字
零,名前に使える漢字
霊,常用漢字
霊,名前に使える漢字
励,常用漢字
励,名前に使える漢字
裂,常用漢字
裂,名前に使える漢字
錬,常用漢字
錬,名前に使える漢字
廉,常用漢字
廉,名前に使える漢字
炉,常用漢字
炉,名前に使える漢字
漏,常用漢字
漏,名前に使える漢字
廊,常用漢字
廊,名前に使える漢字
浪,常用漢字
浪,名前に使える漢字
楼,常用漢字
楼,名前に使える漢字
湾,常用漢字
湾,名前に使える漢字
亜,常用漢字
亜,名前に使える漢字
尉,常用漢字
尉,名前に使える漢字
逸,常用漢字
逸,名前に使える漢字
韻,常用漢字
韻,名前に使える漢字
姻,常用漢字
姻,名前に使える漢字
疫,常用漢字
疫,名前に使える漢字
謁,常用漢字
謁,名前に使える漢字
猿,常用漢字
猿,名前に使える漢字
凹,常用漢字
凹,名前に使える漢字
翁,常用漢字
翁,名前に使える漢字
虞,常用漢字
虞,名前に使える漢字
稼,常用漢字
稼,名前に使える漢字
寡,常用漢字
寡,名前に使える漢字
禍,常用漢字
禍,名前に使える漢字
渦,常用漢字
渦,名前に使える漢字
靴,常用漢字
靴,名前に使える漢字
蚊,常用漢字
蚊,名前に使える漢字
拐,常用漢字
拐,名前に使える漢字
懐,常用漢字
懐,名前に使える漢字
涯,常用漢字
涯,名前に使える漢字
劾,常用漢字
劾,名前に使える漢字
垣,常用漢字
垣,名前に使える漢字
核,常用漢字
核,名前に使える漢字
殻,常用漢字
殻,名前に使える漢字
嚇,常用漢字
嚇,名前に使える漢字
潟,教育漢字
潟,常用漢字
潟,名前に使える漢字
喝,常用漢字
喝,名前に使える漢字
渇,常用漢字
渇,名前に使える漢字
褐,常用漢字
褐,名前に使える漢字
轄,常用漢字
轄,名前に使える漢字
括,常用漢字
括,名前に使える漢字
且,常用漢字
且,名前に使える漢字
患,常用漢字
患,名前に使える漢字
缶,常用漢字
缶,名前に使える漢字
棺,常用漢字
棺,名前に使える漢字
陥,常用漢字
陥,名前に使える漢字
堪,常用漢字
堪,名前に使える漢字
款,常用漢字
款,名前に使える漢字
還,常用漢字
還,名前に使える漢字
艦,常用漢字
艦,名前に使える漢字
閑,常用漢字
閑,名前に使える漢字
寛,常用漢字
寛,名前に使える漢字
憾,常用漢字
憾,名前に使える漢字
頑,常用漢字
頑,名前に使える漢字
飢,常用漢字
飢,名前に使える漢字
偽,常用漢字
偽,名前に使える漢字
擬,常用漢字
擬,名前に使える漢字
宜,常用漢字
宜,名前に使える漢字
糾,常用漢字
糾,名前に使える漢字
窮,常用漢字
窮,名前に使える漢字
拒,常用漢字
拒,名前に使える漢字
挟,常用漢字
挟,名前に使える漢字
享,常用漢字
享,名前に使える漢字
矯,常用漢字
矯,名前に使える漢字
恭,常用漢字
恭,名前に使える漢字
暁,常用漢字
暁,名前に使える漢字
菌,常用漢字
菌,名前に使える漢字
謹,常用漢字
謹,名前に使える漢字
琴,常用漢字
琴,名前に使える漢字
襟,常用漢字
襟,名前に使える漢字
吟,常用漢字
吟,名前に使える漢字
隅,常用漢字
隅,名前に使える漢字
薫,常用漢字
薫,名前に使える漢字
勲,常用漢字
勲,名前に使える漢字
蛍,常用漢字
蛍,名前に使える漢字
茎,常用漢字
茎,名前に使える漢字
渓,常用漢字
渓,名前に使える漢字
慶,常用漢字
慶,名前に使える漢字
傑,常用漢字
傑,名前に使える漢字
嫌,常用漢字
嫌,名前に使える漢字
謙,常用漢字
謙,名前に使える漢字
献,常用漢字
献,名前に使える漢字
顕,常用漢字
顕,名前に使える漢字
懸,常用漢字
懸,名前に使える漢字
繭,常用漢字
繭,名前に使える漢字
弦,常用漢字
弦,名前に使える漢字
呉,常用漢字
呉,名前に使える漢字
碁,常用漢字
碁,名前に使える漢字
購,常用漢字
購,名前に使える漢字
肯,常用漢字
肯,名前に使える漢字
洪,常用漢字
洪,名前に使える漢字
江,常用漢字
江,名前に使える漢字
貢,常用漢字
貢,名前に使える漢字
衡,常用漢字
衡,名前に使える漢字
侯,常用漢字
侯,名前に使える漢字
溝,常用漢字
溝,名前に使える漢字
剛,常用漢字
剛,名前に使える漢字
拷,常用漢字
拷,名前に使える漢字
酷,常用漢字
酷,名前に使える漢字
昆,常用漢字
昆,名前に使える漢字
懇,常用漢字
懇,名前に使える漢字
佐,教育漢字
佐,常用漢字
佐,名前に使える漢字
詐,常用漢字
詐,名前に使える漢字
唆,常用漢字
唆,名前に使える漢字
栽,常用漢字
栽,名前に使える漢字
砕,常用漢字
砕,名前に使える漢字
宰,常用漢字
宰,名前に使える漢字
斎,常用漢字
斎,名前に使える漢字
崎,教育漢字
崎,常用漢字
崎,名前に使える漢字
酢,常用漢字
酢,名前に使える漢字
索,常用漢字
索,名前に使える漢字
桟,常用漢字
桟,名前に使える漢字
傘,常用漢字
傘,名前に使える漢字
賜,常用漢字
賜,名前に使える漢字
嗣,常用漢字
嗣,名前に使える漢字
肢,常用漢字
肢,名前に使える漢字
滋,教育漢字
滋,常用漢字
滋,名前に使える漢字
璽,常用漢字
璽,名前に使える漢字
漆,常用漢字
漆,名前に使える漢字
遮,常用漢字
遮,名前に使える漢字
蛇,常用漢字
蛇,名前に使える漢字
酌,常用漢字
酌,名前に使える漢字
爵,常用漢字
爵,名前に使える漢字
珠,常用漢字
珠,名前に使える漢字
儒,常用漢字
儒,名前に使える漢字
臭,常用漢字
臭,名前に使える漢字
囚,常用漢字
囚,名前に使える漢字
醜,常用漢字
醜,名前に使える漢字
酬,常用漢字
酬,名前に使える漢字
愁,常用漢字
愁,名前に使える漢字
銃,常用漢字
銃,名前に使える漢字
渋,常用漢字
渋,名前に使える漢字
充,常用漢字
充,名前に使える漢字
汁,常用漢字
汁,名前に使える漢字
粛,常用漢字
粛,名前に使える漢字
淑,常用漢字
淑,名前に使える漢字
叔,常用漢字
叔,名前に使える漢字
塾,常用漢字
塾,名前に使える漢字
俊,常用漢字
俊,名前に使える漢字
准,常用漢字
准,名前に使える漢字
循,常用漢字
循,名前に使える漢字
殉,常用漢字
殉,名前に使える漢字
庶,常用漢字
庶,名前に使える漢字
緒,常用漢字
緒,名前に使える漢字
叙,常用漢字
叙,名前に使える漢字
渉,常用漢字
渉,名前に使える漢字
祥,常用漢字
祥,名前に使える漢字
升,常用漢字
升,名前に使える漢字
硝,常用漢字
硝,名前に使える漢字
尚,常用漢字
尚,名前に使える漢字
肖,常用漢字
肖,名前に使える漢字
償,常用漢字
償,名前に使える漢字
抄,常用漢字
抄,名前に使える漢字
奨,常用漢字
奨,名前に使える漢字
彰,常用漢字
彰,名前に使える漢字
症,常用漢字
症,名前に使える漢字
宵,常用漢字
宵,名前に使える漢字
粧,常用漢字
粧,名前に使える漢字
礁,常用漢字
礁,名前に使える漢字
訟,常用漢字
訟,名前に使える漢字
詔,常用漢字
詔,名前に使える漢字
剰,常用漢字
剰,名前に使える漢字
浄,常用漢字
浄,名前に使える漢字
壌,常用漢字
壌,名前に使える漢字
醸,常用漢字
醸,名前に使える漢字
縄,教育漢字
縄,常用漢字
縄,名前に使える漢字
娠,常用漢字
娠,名前に使える漢字
津,常用漢字
津,名前に使える漢字
紳,常用漢字
紳,名前に使える漢字
診,常用漢字
診,名前に使える漢字
唇,常用漢字
唇,名前に使える漢字
刃,常用漢字
刃,名前に使える漢字
迅,常用漢字
迅,名前に使える漢字
甚,常用漢字
甚,名前に使える漢字
睡,常用漢字
睡,名前に使える漢字
帥,常用漢字
帥,名前に使える漢字
枢,常用漢字
枢,名前に使える漢字
崇,常用漢字
崇,名前に使える漢字
据,常用漢字
据,名前に使える漢字
杉,常用漢字
杉,名前に使える漢字
畝,常用漢字
畝,名前に使える漢字
斉,常用漢字
斉,名前に使える漢字
誓,常用漢字
誓,名前に使える漢字
逝,常用漢字
逝,名前に使える漢字
析,常用漢字
析,名前に使える漢字
窃,常用漢字
窃,名前に使える漢字
拙,常用漢字
拙,名前に使える漢字
栓,常用漢字
栓,名前に使える漢字
薦,常用漢字
薦,名前に使える漢字
仙,常用漢字
仙,名前に使える漢字
繊,常用漢字
繊,名前に使える漢字
践,常用漢字
践,名前に使える漢字
旋,常用漢字
旋,名前に使える漢字
遷,常用漢字
遷,名前に使える漢字
禅,常用漢字
禅,名前に使える漢字
漸,常用漢字
漸,名前に使える漢字
疎,常用漢字
疎,名前に使える漢字
租,常用漢字
租,名前に使える漢字
塑,常用漢字
塑,名前に使える漢字
捜,常用漢字
捜,名前に使える漢字
壮,常用漢字
壮,名前に使える漢字
荘,常用漢字
荘,名前に使える漢字
藻,常用漢字
藻,名前に使える漢字
喪,常用漢字
喪,名前に使える漢字
霜,常用漢字
霜,名前に使える漢字
挿,常用漢字
挿,名前に使える漢字
槽,常用漢字
槽,名前に使える漢字
曹,常用漢字
曹,名前に使える漢字
駄,常用漢字
駄,名前に使える漢字
妥,常用漢字
妥,名前に使える漢字
堕,常用漢字
堕,名前に使える漢字
惰,常用漢字
惰,名前に使える漢字
泰,常用漢字
泰,名前に使える漢字
濯,常用漢字
濯,名前に使える漢字
但,常用漢字
但,名前に使える漢字
棚,常用漢字
棚,名前に使える漢字
痴,常用漢字
痴,名前に使える漢字
逐,常用漢字
逐,名前に使える漢字
秩,常用漢字
秩,名前に使える漢字
嫡,常用漢字
嫡,名前に使える漢字
衷,常用漢字
衷,名前に使える漢字
挑,常用漢字
挑,名前に使える漢字
眺,常用漢字
眺,名前に使える漢字
弔,常用漢字
弔,名前に使える漢字
懲,常用漢字
懲,名前に使える漢字
釣,常用漢字
釣,名前に使える漢字
勅,常用漢字
勅,名前に使える漢字
朕,常用漢字
朕,名前に使える漢字
塚,常用漢字
塚,名前に使える漢字
漬,常用漢字
漬,名前に使える漢字
坪,常用漢字
坪,名前に使える漢字
邸,常用漢字
邸,名前に使える漢字
亭,常用漢字
亭,名前に使える漢字
艇,常用漢字
艇,名前に使える漢字
呈,常用漢字
呈,名前に使える漢字
廷,常用漢字
廷,名前に使える漢字
偵,常用漢字
偵,名前に使える漢字
貞,常用漢字
貞,名前に使える漢字
逓,常用漢字
逓,名前に使える漢字
泥,常用漢字
泥,名前に使える漢字
徹,常用漢字
徹,名前に使える漢字
撤,常用漢字
撤,名前に使える漢字
迭,常用漢字
迭,名前に使える漢字
搭,常用漢字
搭,名前に使える漢字
筒,常用漢字
筒,名前に使える漢字
悼,常用漢字
悼,名前に使える漢字
棟,常用漢字
棟,名前に使える漢字
騰,常用漢字
騰,名前に使える漢字
謄,常用漢字
謄,名前に使える漢字
洞,常用漢字
洞,名前に使える漢字
督,常用漢字
督,名前に使える漢字
凸,常用漢字
凸,名前に使える漢字
屯,常用漢字
屯,名前に使える漢字
軟,常用漢字
軟,名前に使える漢字
尼,常用漢字
尼,名前に使える漢字
忍,常用漢字
忍,名前に使える漢字
妊,常用漢字
妊,名前に使える漢字
寧,常用漢字
寧,名前に使える漢字
把,常用漢字
把,名前に使える漢字
覇,常用漢字
覇,名前に使える漢字
廃,常用漢字
廃,名前に使える漢字
培,常用漢字
培,名前に使える漢字
賠,常用漢字
賠,名前に使える漢字
媒,常用漢字
媒,名前に使える漢字
伯,常用漢字
伯,名前に使える漢字
舶,常用漢字
舶,名前に使える漢字
漠,常用漢字
漠,名前に使える漢字
肌,常用漢字
肌,名前に使える漢字
鉢,常用漢字
鉢,名前に使える漢字
閥,常用漢字
閥,名前に使える漢字
煩,常用漢字
煩,名前に使える漢字
頒,常用漢字
頒,名前に使える漢字
披,常用漢字
披,名前に使える漢字
扉,常用漢字
扉,名前に使える漢字
妃,常用漢字
妃,名前に使える漢字
罷,常用漢字
罷,名前に使える漢字
猫,常用漢字
猫,名前に使える漢字
頻,常用漢字
頻,名前に使える漢字
賓,常用漢字
賓,名前に使える漢字
瓶,常用漢字
瓶,名前に使える漢字
譜,常用漢字
譜,名前に使える漢字
扶,常用漢字
扶,名前に使える漢字
附,常用漢字
附,名前に使える漢字
侮,常用漢字
侮,名前に使える漢字
沸,常用漢字
沸,名前に使える漢字
雰,常用漢字
雰,名前に使える漢字
憤,常用漢字
憤,名前に使える漢字
幣,常用漢字
幣,名前に使える漢字
弊,常用漢字
弊,名前に使える漢字
塀,常用漢字
塀,名前に使える漢字
塀,国字
併,常用漢字
併,名前に使える漢字
丙,常用漢字
丙,名前に使える漢字
偏,常用漢字
偏,名前に使える漢字
遍,常用漢字
遍,名前に使える漢字
浦,常用漢字
浦,名前に使える漢字
褒,常用漢字
褒,名前に使える漢字
泡,常用漢字
泡,名前に使える漢字
俸,常用漢字
俸,名前に使える漢字
剖,常用漢字
剖,名前に使える漢字
紡,常用漢字
紡,名前に使える漢字
僕,常用漢字
僕,名前に使える漢字
撲,常用漢字
撲,名前に使える漢字
朴,常用漢字
朴,名前に使える漢字
堀,常用漢字
堀,名前に使える漢字
奔,常用漢字
奔,名前に使える漢字
摩,常用漢字
摩,名前に使える漢字
磨,常用漢字
磨,名前に使える漢字
麻,常用漢字
麻,名前に使える漢字
抹,常用漢字
抹,名前に使える漢字
岬,常用漢字
岬,名前に使える漢字
銘,常用漢字
銘,名前に使える漢字
盲,常用漢字
盲,名前に使える漢字
耗,常用漢字
耗,名前に使える漢字
妄,常用漢字
妄,名前に使える漢字
厄,常用漢字
厄,名前に使える漢字
癒,常用漢字
癒,名前に使える漢字
諭,常用漢字
諭,名前に使える漢字
愉,常用漢字
愉,名前に使える漢字
唯,常用漢字
唯,名前に使える漢字
悠,常用漢字
悠,名前に使える漢字
裕,常用漢字
裕,名前に使える漢字
融,常用漢字
融,名前に使える漢字
猶,常用漢字
猶,名前に使える漢字
窯,常用漢字
窯,名前に使える漢字
庸,常用漢字
庸,名前に使える漢字
羅,常用漢字
羅,名前に使える漢字
酪,常用漢字
酪,名前に使える漢字
履,常用漢字
履,名前に使える漢字
痢,常用漢字
痢,名前に使える漢字
柳,常用漢字
柳,名前に使える漢字
竜,常用漢字
竜,名前に使える漢字
硫,常用漢字
硫,名前に使える漢字
虜,常用漢字
虜,名前に使える漢字
寮,常用漢字
寮,名前に使える漢字
僚,常用漢字
僚,名前に使える漢字
涼,常用漢字
涼,名前に使える漢字
倫,常用漢字
倫,名前に使える漢字
累,常用漢字
累,名前に使える漢字
塁,常用漢字
塁,名前に使える漢字
鈴,常用漢字
鈴,名前に使える漢字
戻,常用漢字
戻,名前に使える漢字
賄,常用漢字
賄,名前に使える漢字
枠,常用漢字
枠,名前に使える漢字
枠,国字
挨,常用漢字
挨,名前に使える漢字
曖,常用漢字
曖,名前に使える漢字
宛,常用漢字
宛,名前に使える漢字
嵐,常用漢字
嵐,名前に使える漢字
畏,常用漢字
畏,名前に使える漢字
萎,常用漢字
萎,名前に使える漢字
椅,常用漢字
椅,名前に使える漢字
彙,常用漢字
彙,名前に使える漢字
茨,教育漢字
茨,常用漢字
茨,名前に使える漢字
咽,常用漢字
咽,名前に使える漢字
淫,常用漢字
淫,名前に使える漢字
唄,常用漢字
唄,名前に使える漢字
鬱,常用漢字
鬱,名前に使える漢字
怨,常用漢字
怨,名前に使える漢字
媛,教育漢字
媛,常用漢字
媛,名前に使える漢字
艶,常用漢字
艶,名前に使える漢字
旺,常用漢字
旺,名前に使える漢字
岡,教育漢字
岡,常用漢字
岡,名前に使える漢字
臆,常用漢字
臆,名前に使える漢字
俺,常用漢字
俺,名前に使える漢字
苛,常用漢字
苛,名前に使える漢字
牙,常用漢字
牙,名前に使える漢字
瓦,常用漢字
瓦,名前に使える漢字
楷,常用漢字
楷,名前に使える漢字
潰,常用漢字
潰,名前に使える漢字
諧,常用漢字
諧,名前に使える漢字
崖,常用漢字
崖,名前に使える漢字
蓋,常用漢字
蓋,名前に使える漢字
骸,常用漢字
骸,名前に使える漢字
柿,常用漢字
柿,名前に使える漢字
顎,常用漢字
顎,名前に使える漢字
葛,常用漢字
葛,名前に使える漢字
釜,常用漢字
釜,名前に使える漢字
鎌,常用漢字
鎌,名前に使える漢字
韓,常用漢字
韓,名前に使える漢字
玩,常用漢字
玩,名前に使える漢字
伎,常用漢字
伎,名前に使える漢字
亀,常用漢字
亀,名前に使える漢字
毀,常用漢字
毀,名前に使える漢字
畿,常用漢字
畿,名前に使える漢字
臼,常用漢字
臼,名前に使える漢字
嗅,常用漢字
嗅,名前に使える漢字
巾,常用漢字
巾,名前に使える漢字
僅,常用漢字
僅,名前に使える漢字
錦,常用漢字
錦,名前に使える漢字
惧,常用漢字
惧,名前に使える漢字
串,常用漢字
串,名前に使える漢字
窟,常用漢字
窟,名前に使える漢字
熊,教育漢字
熊,常用漢字
熊,名前に使える漢字
詣,常用漢字
詣,名前に使える漢字
憬,常用漢字
憬,名前に使える漢字
稽,常用漢字
稽,名前に使える漢字
隙,常用漢字
隙,名前に使える漢字
桁,常用漢字
桁,名前に使える漢字
拳,常用漢字
拳,名前に使える漢字
鍵,常用漢字
鍵,名前に使える漢字
舷,常用漢字
舷,名前に使える漢字
股,常用漢字
股,名前に使える漢字
虎,常用漢字
虎,名前に使える漢字
錮,常用漢字
錮,名前に使える漢字
勾,常用漢字
勾,名前に使える漢字
梗,常用漢字
梗,名前に使える漢字
喉,常用漢字
喉,名前に使える漢字
乞,常用漢字
乞,名前に使える漢字
傲,常用漢字
傲,名前に使える漢字
駒,常用漢字
駒,名前に使える漢字
頃,常用漢字
頃,名前に使える漢字
痕,常用漢字
痕,名前に使える漢字
沙,常用漢字
沙,名前に使える漢字
挫,常用漢字
挫,名前に使える漢字
采,常用漢字
采,名前に使える漢字
塞,常用漢字
塞,名前に使える漢字
埼,教育漢字
埼,常用漢字
埼,名前に使える漢字
柵,常用漢字
柵,名前に使える漢字
刹,常用漢字
刹,名前に使える漢字
拶,常用漢字
拶,名前に使える漢字
斬,常用漢字
斬,名前に使える漢字
恣,常用漢字
恣,名前に使える漢字
摯,常用漢字
摯,名前に使える漢字
餌,常用漢字
餌,名前に使える漢字
鹿,教育漢字
鹿,常用漢字
鹿,名前に使える漢字
嫉,常用漢字
嫉,名前に使える漢字
腫,常用漢字
腫,名前に使える漢字
呪,常用漢字
呪,名前に使える漢字
袖,常用漢字
袖,名前に使える漢字
羞,常用漢字
羞,名前に使える漢字
蹴,常用漢字
蹴,名前に使える漢字
憧,常用漢字
憧,名前に使える漢字
拭,常用漢字
拭,名前に使える漢字
尻,常用漢字
尻,名前に使える漢字
芯,常用漢字
芯,名前に使える漢字
腎,常用漢字
腎,名前に使える漢字
須,常用漢字
須,名前に使える漢字
裾,常用漢字
裾,名前に使える漢字
凄,常用漢字
凄,名前に使える漢字
醒,常用漢字
醒,名前に使える漢字
脊,常用漢字
脊,名前に使える漢字
戚,常用漢字
戚,名前に使える漢字
煎,常用漢字
煎,名前に使える漢字
羨,常用漢字
羨,名前に使える漢字
腺,常用漢字
腺,名前に使える漢字
腺,国字
詮,常用漢字
詮,名前に使える漢字
箋,常用漢字
箋,名前に使える漢字
膳,常用漢字
膳,名前に使える漢字
狙,常用漢字
狙,名前に使える漢字
遡,常用漢字
遡,名前に使える漢字
曽,常用漢字
曽,名前に使える漢字
爽,常用漢字
爽,名前に使える漢字
痩,常用漢字
痩,名前に使える漢字
踪,常用漢字
踪,名前に使える漢字
捉,常用漢字
捉,名前に使える漢字
遜,常用漢字
遜,名前に使える漢字
汰,常用漢字
汰,名前に使える漢字
唾,常用漢字
唾,名前に使える漢字
堆,常用漢字
堆,名前に使える漢字
戴,常用漢字
戴,名前に使える漢字
誰,常用漢字
誰,名前に使える漢字
旦,常用漢字
旦,名前に使える漢字
綻,常用漢字
綻,名前に使える漢字
緻,常用漢字
緻,名前に使える漢字
酎,常用漢字
酎,名前に使える漢字
貼,常用漢字
貼,名前に使える漢字
嘲,常用漢字
嘲,名前に使える漢字
捗,常用漢字
捗,名前に使える漢字
椎,常用漢字
椎,名前に使える漢字
爪,常用漢字
爪,名前に使える漢字
鶴,常用漢字
鶴,名前に使える漢字
諦,常用漢字
諦,名前に使える漢字
溺,常用漢字
溺,名前に使える漢字
妬,常用漢字
妬,名前に使える漢字
賭,常用漢字
賭,名前に使える漢字
藤,常用漢字
藤,名前に使える漢字
瞳,常用漢字
瞳,名前に使える漢字
栃,教育漢字
栃,常用漢字
栃,名前に使える漢字
栃,国字
頓,常用漢字
頓,名前に使える漢字
貪,常用漢字
貪,名前に使える漢字
丼,常用漢字
丼,名前に使える漢字
那,常用漢字
那,名前に使える漢字
奈,教育漢字
奈,常用漢字
奈,名前に使える漢字
梨,教育漢字
梨,常用漢字
梨,名前に使える漢字
謎,常用漢字
謎,名前に使える漢字
鍋,常用漢字
鍋,名前に使える漢字
匂,常用漢字
匂,名前に使える漢字
匂,国字
虹,常用漢字
虹,名前に使える漢字
捻,常用漢字
捻,名前に使える漢字
罵,常用漢字
罵,名前に使える漢字
箸,常用漢字
箸,名前に使える漢字
氾,常用漢字
氾,名前に使える漢字
汎,常用漢字
汎,名前に使える漢字
阪,教育漢字
阪,常用漢字
阪,名前に使える漢字
斑,常用漢字
斑,名前に使える漢字
眉,常用漢字
眉,名前に使える漢字
膝,常用漢字
膝,名前に使える漢字
肘,常用漢字
肘,名前に使える漢字
阜,教育漢字
阜,常用漢字
阜,名前に使える漢字
訃,常用漢字
訃,名前に使える漢字
蔽,常用漢字
蔽,名前に使える漢字
餅,常用漢字
餅,名前に使える漢字
璧,常用漢字
璧,名前に使える漢字
蔑,常用漢字
蔑,名前に使える漢字
哺,常用漢字
哺,名前に使える漢字
蜂,常用漢字
蜂,名前に使える漢字
貌,常用漢字
貌,名前に使える漢字
睦,常用漢字
睦,名前に使える漢字
勃,常用漢字
勃,名前に使える漢字
昧,常用漢字
昧,名前に使える漢字
枕,常用漢字
枕,名前に使える漢字
蜜,常用漢字
蜜,名前に使える漢字
冥,常用漢字
冥,名前に使える漢字
麺,常用漢字
麺,名前に使える漢字
冶,常用漢字
冶,名前に使える漢字
弥,常用漢字
弥,名前に使える漢字
闇,常用漢字
闇,名前に使える漢字
喩,常用漢字
喩,名前に使える漢字
湧,常用漢字
湧,名前に使える漢字
妖,常用漢字
妖,名前に使える漢字
瘍,常用漢字
瘍,名前に使える漢字
沃,常用漢字
沃,名前に使える漢字
拉,常用漢字
拉,名前に使える漢字
辣,常用漢字
辣,名前に使える漢字
藍,常用漢字
藍,名前に使える漢字
璃,常用漢字
璃,名前に使える漢字
慄,常用漢字
慄,名前に使える漢字
侶,常用漢字
侶,名前に使える漢字
瞭,常用漢字
瞭,名前に使える漢字
瑠,常用漢字
瑠,名前に使える漢字
呂,常用漢字
呂,名前に使える漢字
賂,常用漢字
賂,名前に使える漢字
弄,常用漢字
弄,名前に使える漢字
籠,常用漢字
籠,名前に使える漢字
麓,常用漢字
麓,名前に使える漢字
脇,常用漢字
脇,名前に使える漢字
思,教育漢字
思,常用漢字
思,名前に使える漢字
貿,教育漢字
貿,常用漢字
貿,名前に使える漢字
片,教育漢字
片,常用漢字
片,名前に使える漢字
娃,人名用漢字
娃,名前に使える漢字
窪,人名用漢字
窪,名前に使える漢字
阿,人名用漢字
阿,名前に使える漢字
渥,人名用漢字
渥,名前に使える漢字
斡,人名用漢字
斡,名前に使える漢字
庵,人名用漢字
庵,名前に使える漢字
按,人名用漢字
按,名前に使える漢字
杏,人名用漢字
杏,名前に使える漢字
鞍,人名用漢字
鞍,名前に使える漢字
伊,人名用漢字
伊,名前に使える漢字
倭,人名用漢字
倭,名前に使える漢字
夷,人名用漢字
夷,名前に使える漢字
惟,人名用漢字
惟,名前に使える漢字
葦,人名用漢字
葦,名前に使える漢字
謂,人名用漢字
謂,名前に使える漢字
粥,人名用漢字
粥,名前に使える漢字
郁,人名用漢字
郁,名前に使える漢字
溢,人名用漢字
溢,名前に使える漢字
鰯,人名用漢字
鰯,名前に使える漢字
鰯,国字
允,人名用漢字
允,名前に使える漢字
寅,人名用漢字
寅,名前に使える漢字
胤,人名用漢字
胤,名前に使える漢字
蔭,人名用漢字
蔭,名前に使える漢字
佑,人名用漢字
佑,名前に使える漢字
烏,人名用漢字
烏,名前に使える漢字
胡,人名用漢字
胡,名前に使える漢字
迂,人名用漢字
迂,名前に使える漢字
苑,人名用漢字
苑,名前に使える漢字
云,人名用漢字
云,名前に使える漢字
廻,人名用漢字
廻,名前に使える漢字
慧,人名用漢字
慧,名前に使える漢字
叡,人名用漢字
叡,名前に使える漢字
曳,人名用漢字
曳,名前に使える漢字
瑛,人名用漢字
瑛,名前に使える漢字
亦,人名用漢字
亦,名前に使える漢字
堰,人名用漢字
堰,名前に使える漢字
奄,人名用漢字
奄,名前に使える漢字
淵,人名用漢字
淵,名前に使える漢字
燕,人名用漢字
燕,名前に使える漢字
薗,人名用漢字
薗,名前に使える漢字
鳶,人名用漢字
鳶,名前に使える漢字
於,人名用漢字
於,名前に使える漢字
凰,人名用漢字
凰,名前に使える漢字
襖,人名用漢字
襖,名前に使える漢字
邑,人名用漢字
邑,名前に使える漢字
鴨,人名用漢字
鴨,名前に使える漢字
鷹,人名用漢字
鷹,名前に使える漢字
伽,人名用漢字
伽,名前に使える漢字
嘉,人名用漢字
嘉,名前に使える漢字
嘩,人名用漢字
嘩,名前に使える漢字
榎,人名用漢字
榎,名前に使える漢字
樺,人名用漢字
樺,名前に使える漢字
珂,人名用漢字
珂,名前に使える漢字
瓜,人名用漢字
瓜,名前に使える漢字
禾,人名用漢字
禾,名前に使える漢字
茄,人名用漢字
茄,名前に使える漢字
蝦,人名用漢字
蝦,名前に使える漢字
迦,人名用漢字
迦,名前に使える漢字
霞,人名用漢字
霞,名前に使える漢字
俄,人名用漢字
俄,名前に使える漢字
峨,人名用漢字
峨,名前に使える漢字
臥,人名用漢字
臥,名前に使える漢字
駕,人名用漢字
駕,名前に使える漢字
凱,人名用漢字
凱,名前に使える漢字
堺,人名用漢字
堺,名前に使える漢字
恢,人名用漢字
恢,名前に使える漢字
晦,人名用漢字
晦,名前に使える漢字
檜,人名用漢字
檜,名前に使える漢字
桧,人名用漢字
桧,名前に使える漢字
芥,人名用漢字
芥,名前に使える漢字
蟹,人名用漢字
蟹,名前に使える漢字
鎧,人名用漢字
鎧,名前に使える漢字
魁,人名用漢字
魁,名前に使える漢字
亥,人名用漢字
亥,名前に使える漢字
塙,人名用漢字
塙,名前に使える漢字
樫,人名用漢字
樫,名前に使える漢字
樫,国字
筈,人名用漢字
筈,名前に使える漢字
恰,人名用漢字
恰,名前に使える漢字
侃,人名用漢字
侃,名前に使える漢字
函,人名用漢字
函,名前に使える漢字
柑,人名用漢字
柑,名前に使える漢字
竿,人名用漢字
竿,名前に使える漢字
莞,人名用漢字
莞,名前に使える漢字
菅,人名用漢字
菅,名前に使える漢字
萱,人名用漢字
萱,名前に使える漢字
巌,人名用漢字
巌,名前に使える漢字
雁,人名用漢字
雁,名前に使える漢字
其,人名用漢字
其,名前に使える漢字
嬉,人名用漢字
嬉,名前に使える漢字
徽,人名用漢字
徽,名前に使える漢字
槻,人名用漢字
槻,名前に使える漢字
毅,人名用漢字
毅,名前に使える漢字
磯,人名用漢字
磯,名前に使える漢字
祁,人名用漢字
祁,名前に使える漢字
稀,人名用漢字
稀,名前に使える漢字
窺,人名用漢字
窺,名前に使える漢字
箕,人名用漢字
箕,名前に使える漢字
葵,人名用漢字
葵,名前に使える漢字
麒,人名用漢字
麒,名前に使える漢字
祇,人名用漢字
祇,名前に使える漢字
誼,人名用漢字
誼,名前に使える漢字
掬,人名用漢字
掬,名前に使える漢字
鞠,人名用漢字
鞠,名前に使える漢字
桔,人名用漢字
桔,名前に使える漢字
橘,人名用漢字
橘,名前に使える漢字
迄,人名用漢字
迄,名前に使える漢字
厩,人名用漢字
厩,名前に使える漢字
汲,人名用漢字
汲,名前に使える漢字
灸,人名用漢字
灸,名前に使える漢字
玖,人名用漢字
玖,名前に使える漢字
笈,人名用漢字
笈,名前に使える漢字
鳩,人名用漢字
鳩,名前に使える漢字
鋸,人名用漢字
鋸,名前に使える漢字
亨,人名用漢字
亨,名前に使える漢字
劫,人名用漢字
劫,名前に使える漢字
匡,人名用漢字
匡,名前に使える漢字
卿,人名用漢字
卿,名前に使える漢字
叶,人名用漢字
叶,名前に使える漢字
喬,人名用漢字
喬,名前に使える漢字
蕎,人名用漢字
蕎,名前に使える漢字
饗,人名用漢字
饗,名前に使える漢字
馨,人名用漢字
馨,名前に使える漢字
尭,人名用漢字
尭,名前に使える漢字
旭,人名用漢字
旭,名前に使える漢字
粁,国字
檎,人名用漢字
檎,名前に使える漢字
欣,人名用漢字
欣,名前に使える漢字
欽,人名用漢字
欽,名前に使える漢字
禽,人名用漢字
禽,名前に使える漢字
芹,人名用漢字
芹,名前に使える漢字
衿,人名用漢字
衿,名前に使える漢字
矩,人名用漢字
矩,名前に使える漢字
駈,人名用漢字
駈,名前に使える漢字
寓,人名用漢字
寓,名前に使える漢字
弘,人名用漢字
弘,名前に使える漢字
腔,人名用漢字
腔,名前に使える漢字
喰,人名用漢字
喰,名前に使える漢字
喰,国字※
粂,国字
馴,人名用漢字
馴,名前に使える漢字
袈,人名用漢字
袈,名前に使える漢字
圭,人名用漢字
圭,名前に使える漢字
桂,人名用漢字
桂,名前に使える漢字
戟,人名用漢字
戟,名前に使える漢字
蕨,人名用漢字
蕨,名前に使える漢字
訣,人名用漢字
訣,名前に使える漢字
頁,人名用漢字
頁,名前に使える漢字
倦,人名用漢字
倦,名前に使える漢字
喧,人名用漢字
喧,名前に使える漢字
捲,人名用漢字
捲,名前に使える漢字
牽,人名用漢字
牽,名前に使える漢字
硯,人名用漢字
硯,名前に使える漢字
絢,人名用漢字
絢,名前に使える漢字
彦,人名用漢字
彦,名前に使える漢字
絃,人名用漢字
絃,名前に使える漢字
諺,人名用漢字
諺,名前に使える漢字
乎,人名用漢字
乎,名前に使える漢字
瑚,人名用漢字
瑚,名前に使える漢字
糊,人名用漢字
糊,名前に使える漢字
袴,人名用漢字
袴,名前に使える漢字
跨,人名用漢字
跨,名前に使える漢字
醐,人名用漢字
醐,名前に使える漢字
伍,人名用漢字
伍,名前に使える漢字
冴,人名用漢字
冴,名前に使える漢字
吾,人名用漢字
吾,名前に使える漢字
梧,人名用漢字
梧,名前に使える漢字
亙,人名用漢字
亙,名前に使える漢字
亘,人名用漢字
亘,名前に使える漢字
倖,人名用漢字
倖,名前に使える漢字
宏,人名用漢字
宏,名前に使える漢字
巷,人名用漢字
巷,名前に使える漢字
幌,人名用漢字
幌,名前に使える漢字
庚,人名用漢字
庚,名前に使える漢字
昂,人名用漢字
昂,名前に使える漢字
晃,人名用漢字
晃,名前に使える漢字
杭,人名用漢字
杭,名前に使える漢字
浩,人名用漢字
浩,名前に使える漢字
皐,人名用漢字
皐,名前に使える漢字
紘,人名用漢字
紘,名前に使える漢字
縞,人名用漢字
縞,名前に使える漢字
肴,人名用漢字
肴,名前に使える漢字
膏,人名用漢字
膏,名前に使える漢字
藁,人名用漢字
藁,名前に使える漢字
閤,人名用漢字
閤,名前に使える漢字
鴻,人名用漢字
鴻,名前に使える漢字
壕,人名用漢字
壕,名前に使える漢字
轟,人名用漢字
轟,名前に使える漢字
忽,人名用漢字
忽,名前に使える漢字
惚,人名用漢字
惚,名前に使える漢字
昏,人名用漢字
昏,名前に使える漢字
些,人名用漢字
些,名前に使える漢字
叉,人名用漢字
叉,名前に使える漢字
嵯,人名用漢字
嵯,名前に使える漢字
瑳,人名用漢字
瑳,名前に使える漢字
紗,人名用漢字
紗,名前に使える漢字
蓑,人名用漢字
蓑,名前に使える漢字
裟,人名用漢字
裟,名前に使える漢字
坐,人名用漢字
坐,名前に使える漢字
哉,人名用漢字
哉,名前に使える漢字
晒,人名用漢字
晒,名前に使える漢字
柴,人名用漢字
柴,名前に使える漢字
栖,人名用漢字
栖,名前に使える漢字
犀,人名用漢字
犀,名前に使える漢字
砦,人名用漢字
砦,名前に使える漢字
榊,人名用漢字
榊,名前に使える漢字
榊,国字
朔,人名用漢字
朔,名前に使える漢字
窄,人名用漢字
窄,名前に使える漢字
笹,人名用漢字
笹,名前に使える漢字
笹,国字
撒,人名用漢字
撒,名前に使える漢字
薩,人名用漢字
薩,名前に使える漢字
撰,人名用漢字
撰,名前に使える漢字
燦,人名用漢字
燦,名前に使える漢字
珊,人名用漢字
珊,名前に使える漢字
纂,人名用漢字
纂,名前に使える漢字
讃,人名用漢字
讃,名前に使える漢字
之,人名用漢字
之,名前に使える漢字
仔,人名用漢字
仔,名前に使える漢字
偲,人名用漢字
偲,名前に使える漢字
只,人名用漢字
只,名前に使える漢字
巳,人名用漢字
巳,名前に使える漢字
弛,人名用漢字
弛,名前に使える漢字
孜,人名用漢字
孜,名前に使える漢字
斯,人名用漢字
斯,名前に使える漢字
梓,人名用漢字
梓,名前に使える漢字
此,人名用漢字
此,名前に使える漢字
獅,人名用漢字
獅,名前に使える漢字
砥,人名用漢字
砥,名前に使える漢字
蒔,人名用漢字
蒔,名前に使える漢字
錫,人名用漢字
錫,名前に使える漢字
爾,人名用漢字
爾,名前に使える漢字
而,人名用漢字
而,名前に使える漢字
馳,人名用漢字
馳,名前に使える漢字
鴫,国字
竺,人名用漢字
竺,名前に使える漢字
悉,人名用漢字
悉,名前に使える漢字
櫛,人名用漢字
櫛,名前に使える漢字
柘,人名用漢字
柘,名前に使える漢字
這,人名用漢字
這,名前に使える漢字
惹,人名用漢字
惹,名前に使える漢字
勺,人名用漢字
勺,名前に使える漢字
灼,人名用漢字
灼,名前に使える漢字
蹟,人名用漢字
蹟,名前に使える漢字
雀,人名用漢字
雀,名前に使える漢字
撞,人名用漢字
撞,名前に使える漢字
諏,人名用漢字
諏,名前に使える漢字
濡,人名用漢字
濡,名前に使える漢字
竪,人名用漢字
竪,名前に使える漢字
鷲,人名用漢字
鷲,名前に使える漢字
嵩,人名用漢字
嵩,名前に使える漢字
柊,人名用漢字
柊,名前に使える漢字
楢,人名用漢字
楢,名前に使える漢字
洲,人名用漢字
洲,名前に使える漢字
萩,人名用漢字
萩,名前に使える漢字
葺,人名用漢字
葺,名前に使える漢字
蒐,人名用漢字
蒐,名前に使える漢字
輯,人名用漢字
輯,名前に使える漢字
鍬,人名用漢字
鍬,名前に使える漢字
廿,人名用漢字
廿,名前に使える漢字
紐,人名用漢字
紐,名前に使える漢字
峻,人名用漢字
峻,名前に使える漢字
竣,人名用漢字
竣,名前に使える漢字
舜,人名用漢字
舜,名前に使える漢字
遁,人名用漢字
遁,名前に使える漢字
醇,人名用漢字
醇,名前に使える漢字
隼,人名用漢字
隼,名前に使える漢字
駿,人名用漢字
駿,名前に使える漢字
惇,人名用漢字
惇,名前に使える漢字
楯,人名用漢字
楯,名前に使える漢字
淳,人名用漢字
淳,名前に使える漢字
閏,人名用漢字
閏,名前に使える漢字
恕,人名用漢字
恕,名前に使える漢字
曙,人名用漢字
曙,名前に使える漢字
杵,人名用漢字
杵,名前に使える漢字
渚,人名用漢字
渚,名前に使える漢字
疋,人名用漢字
疋,名前に使える漢字
疏,人名用漢字
疏,名前に使える漢字
汝,人名用漢字
汝,名前に使える漢字
丞,人名用漢字
丞,名前に使える漢字
哨,人名用漢字
哨,名前に使える漢字
嘗,人名用漢字
嘗,名前に使える漢字
庄,人名用漢字
庄,名前に使える漢字
捷,人名用漢字
捷,名前に使える漢字
摺,人名用漢字
摺,名前に使える漢字
昌,人名用漢字
昌,名前に使える漢字
梢,人名用漢字
梢,名前に使える漢字
樟,人名用漢字
樟,名前に使える漢字
湘,人名用漢字
湘,名前に使える漢字
甥,人名用漢字
甥,名前に使える漢字
秤,人名用漢字
秤,名前に使える漢字
篠,人名用漢字
篠,名前に使える漢字
菖,人名用漢字
菖,名前に使える漢字
蕉,人名用漢字
蕉,名前に使える漢字
裳,人名用漢字
裳,名前に使える漢字
錆,人名用漢字
錆,名前に使える漢字
鞘,人名用漢字
鞘,名前に使える漢字
帖,人名用漢字
帖,名前に使える漢字
杖,人名用漢字
杖,名前に使える漢字
牒,人名用漢字
牒,名前に使える漢字
穣,人名用漢字
穣,名前に使える漢字
茸,人名用漢字
茸,名前に使える漢字
鄭,人名用漢字
鄭,名前に使える漢字
埴,人名用漢字
埴,名前に使える漢字
燭,人名用漢字
燭,名前に使える漢字
粟,人名用漢字
粟,名前に使える漢字
晋,人名用漢字
晋,名前に使える漢字
榛,人名用漢字
榛,名前に使える漢字
槙,人名用漢字
槙,名前に使える漢字
秦,人名用漢字
秦,名前に使える漢字
訊,人名用漢字
訊,名前に使える漢字
賑,人名用漢字
賑,名前に使える漢字
辰,人名用漢字
辰,名前に使える漢字
壬,人名用漢字
壬,名前に使える漢字
稔,人名用漢字
稔,名前に使える漢字
蘇,人名用漢字
蘇,名前に使える漢字
雛,人名用漢字
雛,名前に使える漢字
厨,人名用漢字
厨,名前に使える漢字
杜,人名用漢字
杜,名前に使える漢字
逗,人名用漢字
逗,名前に使える漢字
翠,人名用漢字
翠,名前に使える漢字
錘,人名用漢字
錘,名前に使える漢字
錐,人名用漢字
錐,名前に使える漢字
瑞,人名用漢字
瑞,名前に使える漢字
椙,国字
棲,人名用漢字
棲,名前に使える漢字
靖,人名用漢字
靖,名前に使える漢字
貰,人名用漢字
貰,名前に使える漢字
汐,人名用漢字
汐,名前に使える漢字
碩,人名用漢字
碩,名前に使える漢字
屑,人名用漢字
屑,名前に使える漢字
鱈,国字※
尖,人名用漢字
尖,名前に使える漢字
揃,人名用漢字
揃,名前に使える漢字
穿,人名用漢字
穿,名前に使える漢字
茜,人名用漢字
茜,名前に使える漢字
釧,人名用漢字
釧,名前に使える漢字
銑,人名用漢字
銑,名前に使える漢字
閃,人名用漢字
閃,名前に使える漢字
糎,国字
噌,人名用漢字
噌,名前に使える漢字
楚,人名用漢字
楚,名前に使える漢字
叢,人名用漢字
叢,名前に使える漢字
宋,人名用漢字
宋,名前に使える漢字
惣,人名用漢字
惣,名前に使える漢字
槍,人名用漢字
槍,名前に使える漢字
湊,人名用漢字
湊,名前に使える漢字
漕,人名用漢字
漕,名前に使える漢字
綜,人名用漢字
綜,名前に使える漢字
聡,人名用漢字
聡,名前に使える漢字
蒼,人名用漢字
蒼,名前に使える漢字
噂,人名用漢字
噂,名前に使える漢字
巽,人名用漢字
巽,名前に使える漢字
樽,人名用漢字
樽,名前に使える漢字
鱒,人名用漢字
鱒,名前に使える漢字
舵,人名用漢字
舵,名前に使える漢字
詫,人名用漢字
詫,名前に使える漢字
陀,人名用漢字
陀,名前に使える漢字
楕,人名用漢字
楕,名前に使える漢字
雫,人名用漢字
雫,名前に使える漢字
雫,国字※
梯,人名用漢字
梯,名前に使える漢字
殆,人名用漢字
殆,名前に使える漢字
碓,人名用漢字
碓,名前に使える漢字
苔,人名用漢字
苔,名前に使える漢字
黛,人名用漢字
黛,名前に使える漢字
乃,人名用漢字
乃,名前に使える漢字
悌,人名用漢字
悌,名前に使える漢字
醍,人名用漢字
醍,名前に使える漢字
啄,人名用漢字
啄,名前に使える漢字
托,人名用漢字
托,名前に使える漢字
擢,人名用漢字
擢,名前に使える漢字
琢,人名用漢字
琢,名前に使える漢字
凧,人名用漢字
凧,名前に使える漢字
凧,国字
捺,人名用漢字
捺,名前に使える漢字
坦,人名用漢字
坦,名前に使える漢字
檀,人名用漢字
檀,名前に使える漢字
歎,人名用漢字
歎,名前に使える漢字
湛,人名用漢字
湛,名前に使える漢字
灘,人名用漢字
灘,名前に使える漢字
耽,人名用漢字
耽,名前に使える漢字
智,人名用漢字
智,名前に使える漢字
薙,人名用漢字
薙,名前に使える漢字
筑,人名用漢字
筑,名前に使える漢字
丑,人名用漢字
丑,名前に使える漢字
紬,人名用漢字
紬,名前に使える漢字
註,人名用漢字
註,名前に使える漢字
儲,人名用漢字
儲,名前に使える漢字
猪,人名用漢字
猪,名前に使える漢字
喋,人名用漢字
喋,名前に使える漢字
寵,人名用漢字
寵,名前に使える漢字
挺,人名用漢字
挺,名前に使える漢字
暢,人名用漢字
暢,名前に使える漢字
肇,人名用漢字
肇,名前に使える漢字
脹,人名用漢字
脹,名前に使える漢字
蔦,人名用漢字
蔦,名前に使える漢字
蝶,人名用漢字
蝶,名前に使える漢字
釘,人名用漢字
釘,名前に使える漢字
鯛,人名用漢字
鯛,名前に使える漢字
椿,人名用漢字
椿,名前に使える漢字
砧,人名用漢字
砧,名前に使える漢字
槌,人名用漢字
槌,名前に使える漢字
栂,国字※
辻,人名用漢字
辻,名前に使える漢字
辻,国字
汀,人名用漢字
汀,名前に使える漢字
禎,人名用漢字
禎,名前に使える漢字
綴,人名用漢字
綴,名前に使える漢字
蹄,人名用漢字
蹄,名前に使える漢字
鵜,人名用漢字
鵜,名前に使える漢字
鼎,人名用漢字
鼎,名前に使える漢字
禰,人名用漢字
禰,名前に使える漢字
祢,人名用漢字
祢,名前に使える漢字
荻,人名用漢字
荻,名前に使える漢字
姪,人名用漢字
姪,名前に使える漢字
佃,人名用漢字
佃,名前に使える漢字
淀,人名用漢字
淀,名前に使える漢字
纏,人名用漢字
纏,名前に使える漢字
辿,人名用漢字
辿,名前に使える漢字
鮎,人名用漢字
鮎,名前に使える漢字
兎,人名用漢字
兎,名前に使える漢字
兜,人名用漢字
兜,名前に使える漢字
堵,人名用漢字
堵,名前に使える漢字
套,人名用漢字
套,名前に使える漢字
宕,人名用漢字
宕,名前に使える漢字
嶋,人名用漢字
嶋,名前に使える漢字
沓,人名用漢字
沓,名前に使える漢字
桐,人名用漢字
桐,名前に使える漢字
桶,人名用漢字
桶,名前に使える漢字
樋,人名用漢字
樋,名前に使える漢字
祷,人名用漢字
祷,名前に使える漢字
萄,人名用漢字
萄,名前に使える漢字
董,人名用漢字
董,名前に使える漢字
噸,国字
敦,人名用漢字
敦,名前に使える漢字
沌,人名用漢字
沌,名前に使える漢字
凪,人名用漢字
凪,名前に使える漢字
凪,国字
楠,人名用漢字
楠,名前に使える漢字
巴,人名用漢字
巴,名前に使える漢字
播,人名用漢字
播,名前に使える漢字
杷,人名用漢字
杷,名前に使える漢字
琶,人名用漢字
琶,名前に使える漢字
芭,人名用漢字
芭,名前に使える漢字
頗,人名用漢字
頗,名前に使える漢字
盃,人名用漢字
盃,名前に使える漢字
煤,人名用漢字
煤,名前に使える漢字
柏,人名用漢字
柏,名前に使える漢字
箔,人名用漢字
箔,名前に使える漢字
曝,人名用漢字
曝,名前に使える漢字
莫,人名用漢字
莫,名前に使える漢字
硲,国字
畠,人名用漢字
畠,名前に使える漢字
畠,国字
噺,国字
幡,人名用漢字
幡,名前に使える漢字
磐,人名用漢字
磐,名前に使える漢字
蕃,人名用漢字
蕃,名前に使える漢字
挽,人名用漢字
挽,名前に使える漢字
蔓,人名用漢字
蔓,名前に使える漢字
庇,人名用漢字
庇,名前に使える漢字
斐,人名用漢字
斐,名前に使える漢字
枇,人名用漢字
枇,名前に使える漢字
毘,人名用漢字
毘,名前に使える漢字
緋,人名用漢字
緋,名前に使える漢字
梶,人名用漢字
梶,名前に使える漢字
琵,人名用漢字
琵,名前に使える漢字
畢,人名用漢字
畢,名前に使える漢字
彪,人名用漢字
彪,名前に使える漢字
瓢,人名用漢字
瓢,名前に使える漢字
豹,人名用漢字
豹,名前に使える漢字
廟,人名用漢字
廟,名前に使える漢字
鋲,国字
彬,人名用漢字
彬,名前に使える漢字
瀕,人名用漢字
瀕,名前に使える漢字
撫,人名用漢字
撫,名前に使える漢字
斧,人名用漢字
斧,名前に使える漢字
甫,人名用漢字
甫,名前に使える漢字
芙,人名用漢字
芙,名前に使える漢字
蒲,人名用漢字
蒲,名前に使える漢字
輔,人名用漢字
輔,名前に使える漢字
葡,人名用漢字
葡,名前に使える漢字
蕪,人名用漢字
蕪,名前に使える漢字
楓,人名用漢字
楓,名前に使える漢字
鳳,人名用漢字
鳳,名前に使える漢字
勿,人名用漢字
勿,名前に使える漢字
吻,人名用漢字
吻,名前に使える漢字
焚,人名用漢字
焚,名前に使える漢字
碧,人名用漢字
碧,名前に使える漢字
瞥,人名用漢字
瞥,名前に使える漢字
篇,人名用漢字
篇,名前に使える漢字
鞭,人名用漢字
鞭,名前に使える漢字
娩,人名用漢字
娩,名前に使える漢字
圃,人名用漢字
圃,名前に使える漢字
菩,人名用漢字
菩,名前に使える漢字
姥,人名用漢字
姥,名前に使える漢字
戊,人名用漢字
戊,名前に使える漢字
牡,人名用漢字
牡,名前に使える漢字
峯,人名用漢字
峯,名前に使える漢字
捧,人名用漢字
捧,名前に使える漢字
朋,人名用漢字
朋,名前に使える漢字
萌,人名用漢字
萌,名前に使える漢字
萠,人名用漢字
萠,名前に使える漢字
蓬,人名用漢字
蓬,名前に使える漢字
逢,人名用漢字
逢,名前に使える漢字
鋒,人名用漢字
鋒,名前に使える漢字
鞄,人名用漢字
鞄,名前に使える漢字
鵬,人名用漢字
鵬,名前に使える漢字
卯,人名用漢字
卯,名前に使える漢字
孟,人名用漢字
孟,名前に使える漢字
牟,人名用漢字
牟,名前に使える漢字
茅,人名用漢字
茅,名前に使える漢字
蒙,人名用漢字
蒙,名前に使える漢字
卜,人名用漢字
卜,名前に使える漢字
柾,人名用漢字
柾,名前に使える漢字
柾,国字
俣,人名用漢字
俣,名前に使える漢字
俣,国字
沫,人名用漢字
沫,名前に使える漢字
麿,人名用漢字
麿,名前に使える漢字
麿,国字
粍,国字
匁,人名用漢字
匁,名前に使える漢字
匁,国字
杢,国字
籾,人名用漢字
籾,名前に使える漢字
籾,国字
椛,人名用漢字
椛,名前に使える漢字
椛,国字
也,人名用漢字
也,名前に使える漢字
耶,人名用漢字
耶,名前に使える漢字
鑓,国字
柚,人名用漢字
柚,名前に使える漢字
宥,人名用漢字
宥,名前に使える漢字
尤,人名用漢字
尤,名前に使える漢字
祐,人名用漢字
祐,名前に使える漢字
酉,人名用漢字
酉,名前に使える漢字
輿,人名用漢字
輿,名前に使える漢字
傭,人名用漢字
傭,名前に使える漢字
楊,人名用漢字
楊,名前に使える漢字
耀,人名用漢字
耀,名前に使える漢字
蓉,人名用漢字
蓉,名前に使える漢字
遥,人名用漢字
遥,名前に使える漢字
螺,人名用漢字
螺,名前に使える漢字
洛,人名用漢字
洛,名前に使える漢字
蘭,人名用漢字
蘭,名前に使える漢字
哩,人名用漢字
哩,名前に使える漢字
李,人名用漢字
李,名前に使える漢字
栗,人名用漢字
栗,名前に使える漢字
浬,人名用漢字
浬,名前に使える漢字
裡,人名用漢字
裡,名前に使える漢字
鯉,人名用漢字
鯉,名前に使える漢字
掠,人名用漢字
掠,名前に使える漢字
劉,人名用漢字
劉,名前に使える漢字
溜,人名用漢字
溜,名前に使える漢字
琉,人名用漢字
琉,名前に使える漢字
笠,人名用漢字
笠,名前に使える漢字
亮,人名用漢字
亮,名前に使える漢字
凌,人名用漢字
凌,名前に使える漢字
嶺,人名用漢字
嶺,名前に使える漢字
梁,人名用漢字
梁,名前に使える漢字
椋,人名用漢字
椋,名前に使える漢字
稜,人名用漢字
稜,名前に使える漢字
綾,人名用漢字
綾,名前に使える漢字
菱,人名用漢字
菱,名前に使える漢字
諒,人名用漢字
諒,名前に使える漢字
遼,人名用漢字
遼,名前に使える漢字
淋,人名用漢字
淋,名前に使える漢字
琳,人名用漢字
琳,名前に使える漢字
鱗,人名用漢字
鱗,名前に使える漢字
麟,人名用漢字
麟,名前に使える漢字
伶,人名用漢字
伶,名前に使える漢字
怜,人名用漢字
怜,名前に使える漢字
玲,人名用漢字
玲,名前に使える漢字
憐,人名用漢字
憐,名前に使える漢字
漣,人名用漢字
漣,名前に使える漢字
煉,人名用漢字
煉,名前に使える漢字
簾,人名用漢字
簾,名前に使える漢字
蓮,人名用漢字
蓮,名前に使える漢字
櫓,人名用漢字
櫓,名前に使える漢字
蕗,人名用漢字
蕗,名前に使える漢字
魯,人名用漢字
魯,名前に使える漢字
鷺,人名用漢字
鷺,名前に使える漢字
狼,人名用漢字
狼,名前に使える漢字
禄,人名用漢字
禄,名前に使える漢字
肋,人名用漢字
肋,名前に使える漢字
隈,人名用漢字
隈,名前に使える漢字
或,人名用漢字
或,名前に使える漢字
椀,人名用漢字
椀,名前に使える漢字
碗,人名用漢字
碗,名前に使える漢字
埜,人名用漢字
埜,名前に使える漢字
雜,人名用漢字
雜,名前に使える漢字
飜,人名用漢字
飜,名前に使える漢字
侑,人名用漢字
侑,名前に使える漢字
俐,人名用漢字
俐,名前に使える漢字
俤,国字
俥,国字
凜,人名用漢字
凜,名前に使える漢字
凛,人名用漢字
凛,名前に使える漢字
凩,国字
勁,人名用漢字
勁,名前に使える漢字
叺,国字
呎,国字※
圦,国字
奎,人名用漢字
奎,名前に使える漢字
嬶,国字※
屶,国字
崚,人名用漢字
崚,名前に使える漢字
巫,人名用漢字
巫,名前に使える漢字
已,人名用漢字
已,名前に使える漢字
弖,国字※
彗,人名用漢字
彗,名前に使える漢字
怺,国字
惺,人名用漢字
惺,名前に使える漢字
扨,国字
黎,人名用漢字
黎,名前に使える漢字
鳰,国字
鵆,国字
鵤,国字
鶫,国字
毟,国字
毬,人名用漢字
毬,名前に使える漢字
鮗,国字
鮖,国字
鮟,国字※
鮴,国字
鯒,国字
鯑,国字
鯏,国字
鯲,国字
鯱,国字
鯰,国字
鰰,国字
鱇,国字
鱚,国字
昊,人名用漢字
昊,名前に使える漢字
晟,人名用漢字
晟,名前に使える漢字
晏,人名用漢字
晏,名前に使える漢字
昴,人名用漢字
昴,名前に使える漢字
晨,人名用漢字
晨,名前に使える漢字
暉,人名用漢字
暉,名前に使える漢字
閊,国字
杣,国字
枡,国字
桝,国字
栞,人名用漢字
栞,名前に使える漢字
蚫,国字※
蛯,国字
梺,国字
梛,人名用漢字
梛,名前に使える漢字
椚,国字
椰,人名用漢字
椰,名前に使える漢字
楾,国字
榁,国字※
橙,人名用漢字
橙,名前に使える漢字
櫂,人名用漢字
櫂,名前に使える漢字
脩,人名用漢字
脩,名前に使える漢字
曾,人名用漢字
曾,名前に使える漢字
膵,国字※
洸,人名用漢字
洸,名前に使える漢字
洵,人名用漢字
洵,名前に使える漢字
颪,国字
颯,人名用漢字
颯,名前に使える漢字
渾,人名用漢字
渾,名前に使える漢字
溂,国字※
滉,人名用漢字
滉,名前に使える漢字
漱,人名用漢字
漱,名前に使える漢字
澪,人名用漢字
澪,名前に使える漢字
轌,国字
驍,人名用漢字
驍,名前に使える漢字
笙,人名用漢字
笙,名前に使える漢字
簓,国字
簗,国字※
珈,人名用漢字
珈,名前に使える漢字
珀,人名用漢字
珀,名前に使える漢字
琥,人名用漢字
琥,名前に使える漢字
瑶,人名用漢字
瑶,名前に使える漢字
錻,国字
錵,国字※
錺,国字
鎹,国字
絆,人名用漢字
絆,名前に使える漢字
綛,国字
綺,人名用漢字
綺,名前に使える漢字
綸,人名用漢字
綸,名前に使える漢字
縅,国字
繧,国字
纃,国字
纐,国字
聢,国字
瓧,国字
瓩,国字
瓰,国字
瓲,国字※
瓱,国字
瓸,国字
甅,国字
艝,国字
煌,人名用漢字
煌,名前に使える漢字
熕,国字
熙,人名用漢字
熙,名前に使える漢字
燎,人名用漢字
燎,名前に使える漢字
燵,国字
燿,人名用漢字
燿,名前に使える漢字
詢,人名用漢字
詢,名前に使える漢字
諄,人名用漢字
諄,名前に使える漢字
諚,国字
袰,国字
裃,国字
裄,国字
褄,国字
襷,国字
躾,国字
軈,国字
鞆,国字
鞐,国字
羚,人名用漢字
羚,名前に使える漢字
頌,人名用漢字
頌,名前に使える漢字
眸,人名用漢字
眸,名前に使える漢字
癪,国字
籵,国字
粨,国字
糀,国字
饂,国字
茉,人名用漢字
茉,名前に使える漢字
苺,人名用漢字
苺,名前に使える漢字
莉,人名用漢字
莉,名前に使える漢字
萢,国字
菫,人名用漢字
菫,名前に使える漢字
蓙,国字
蕾,人名用漢字
蕾,名前に使える漢字
芦,人名用漢字
芦,名前に使える漢字
釉,人名用漢字
釉,名前に使える漢字
皓,人名用漢字
皓,名前に使える漢字
辷,国字
迚,国字
迪,人名用漢字
迪,名前に使える漢字
逞,人名用漢字
逞,名前に使える漢字
逧,国字
遖,国字
竍,国字
竏,国字
竓,国字
竕,国字
竡,国字
竰,国字
稟,人名用漢字
稟,名前に使える漢字
赳,人名用漢字
赳,名前に使える漢字
翔,人名用漢字
翔,名前に使える漢字
穹,人名用漢字
穹,名前に使える漢字
來,人名用漢字
來,名前に使える漢字
鷄,人名用漢字
鷄,名前に使える漢字
燈,人名用漢字
燈,名前に使える漢字
冨,人名用漢字
冨,名前に使える漢字
龍,人名用漢字
龍,名前に使える漢字
曉,人名用漢字
曉,名前に使える漢字
櫻,人名用漢字
櫻,名前に使える漢字
氣,人名用漢字
氣,名前に使える漢字
鵈,国字※
駲,国字※
乘,人名用漢字
乘,名前に使える漢字
亞,人名用漢字
亞,名前に使える漢字
巖,人名用漢字
巖,名前に使える漢字
碎,人名用漢字
碎,名前に使える漢字
硴,国字
粭,国字※
槇,人名用漢字
槇,名前に使える漢字
鰡,国字※
鑄,人名用漢字
鑄,名前に使える漢字
釀,人名用漢字
釀,名前に使える漢字
榮,人名用漢字
榮,名前に使える漢字
樂,人名用漢字
樂,名前に使える漢字
實,人名用漢字
實,名前に使える漢字
佛,人名用漢字
佛,名前に使える漢字
凉,人名用漢字
凉,名前に使える漢字
單,人名用漢字
單,名前に使える漢字
堯,人名用漢字
堯,名前に使える漢字
圓,人名用漢字
圓,名前に使える漢字
奧,人名用漢字
奧,名前に使える漢字
奬,人名用漢字
奬,名前に使える漢字
遙,人名用漢字
遙,名前に使える漢字
顯,人名用漢字
顯,名前に使える漢字
藝,人名用漢字
藝,名前に使える漢字
藥,人名用漢字
藥,名前に使える漢字
囎,国字
圷,国字
圸,国字
惠,人名用漢字
惠,名前に使える漢字
應,人名用漢字
應,名前に使える漢字
圈,人名用漢字
圈,名前に使える漢字
國,人名用漢字
國,名前に使える漢字
壯,人名用漢字
壯,名前に使える漢字
傳,人名用漢字
傳,名前に使える漢字
僞,人名用漢字
僞,名前に使える漢字
兒,人名用漢字
兒,名前に使える漢字
劍,人名用漢字
劍,名前に使える漢字
齊,人名用漢字
齊,名前に使える漢字
濕,人名用漢字
濕,名前に使える漢字
澁,人名用漢字
澁,名前に使える漢字
價,人名用漢字
價,名前に使える漢字
儉,人名用漢字
儉,名前に使える漢字
勳,人名用漢字
勳,名前に使える漢字
糘,国字※
粹,人名用漢字
粹,名前に使える漢字
聽,人名用漢字
聽,名前に使える漢字
籏,国字
獸,人名用漢字
獸,名前に使える漢字
疊,人名用漢字
疊,名前に使える漢字
槝,国字
椥,国字※
拜,人名用漢字
拜,名前に使える漢字
萬,人名用漢字
萬,名前に使える漢字
縣,人名用漢字
縣,名前に使える漢字
縱,人名用漢字
縱,名前に使える漢字
杁,国字
杤,国字
彈,人名用漢字
彈,名前に使える漢字
彌,人名用漢字
彌,名前に使える漢字
拔,人名用漢字
拔,名前に使える漢字
莊,人名用漢字
莊,名前に使える漢字
畩,国字※
恆,人名用漢字
恆,名前に使える漢字
惡,人名用漢字
惡,名前に使える漢字
垈,国字※
垳,国字
垰,国字
淨,人名用漢字
淨,名前に使える漢字
蘰,国字
藏,人名用漢字
藏,名前に使える漢字
岼,国字※
峅,国字
岾,国字
鎭,人名用漢字
鎭,名前に使える漢字
樮,国字※
樣,人名用漢字
樣,名前に使える漢字
祕,人名用漢字
祕,名前に使える漢字
祿,人名用漢字
祿,名前に使える漢字
禪,人名用漢字
禪,名前に使える漢字
禮,人名用漢字
禮,名前に使える漢字
盡,人名用漢字
盡,名前に使える漢字
盜,人名用漢字
盜,名前に使える漢字
轉,人名用漢字
轉,名前に使える漢字
哘,国字
剩,人名用漢字
剩,名前に使える漢字
瀧,人名用漢字
瀧,名前に使える漢字
埖,国字※
塰,国字
峽,人名用漢字
峽,名前に使える漢字
嵶,国字
愼,人名用漢字
愼,名前に使える漢字
懷,人名用漢字
懷,名前に使える漢字
眞,人名用漢字
眞,名前に使える漢字
纖,人名用漢字
纖,名前に使える漢字
笂,国字
條,人名用漢字
條,名前に使える漢字
寢,人名用漢字
寢,名前に使える漢字
椨,国字
椣,国字
稻,人名用漢字
稻,名前に使える漢字
穗,人名用漢字
穗,名前に使える漢字
軅,国字※
閖,国字※
椡,国字
橲,国字
欟,国字※
蟐,国字※
卷,人名用漢字
卷,名前に使える漢字
嚴,人名用漢字
嚴,名前に使える漢字
團,人名用漢字
團,名前に使える漢字
墹,国字※
壞,人名用漢字
壞,名前に使える漢字
壗,国字※
壘,人名用漢字
壘,名前に使える漢字
壽,人名用漢字
壽,名前に使える漢字
孃,人名用漢字
孃,名前に使える漢字
將,人名用漢字
將,名前に使える漢字
專,人名用漢字
專,名前に使える漢字
帶,人名用漢字
帶,名前に使える漢字
廣,人名用漢字
廣,名前に使える漢字
廳,人名用漢字
廳,名前に使える漢字
從,人名用漢字
從,名前に使える漢字
徠,人名用漢字
徠,名前に使える漢字
戰,人名用漢字
戰,名前に使える漢字
戲,人名用漢字
戲,名前に使える漢字
拂,人名用漢字
拂,名前に使える漢字
搜,人名用漢字
搜,名前に使える漢字
掵,国字
搖,人名用漢字
搖,名前に使える漢字
攝,人名用漢字
攝,名前に使える漢字
收,人名用漢字
收,名前に使える漢字
敍,人名用漢字
敍,名前に使える漢字
晄,人名用漢字
晄,名前に使える漢字
晝,人名用漢字
晝,名前に使える漢字
橸,国字
檢,人名用漢字
檢,名前に使える漢字
滯,人名用漢字
滯,名前に使える漢字
燒,人名用漢字
燒,名前に使える漢字
爭,人名用漢字
爭,名前に使える漢字
爲,人名用漢字
爲,名前に使える漢字
狹,人名用漢字
狹,名前に使える漢字
默,人名用漢字
默,名前に使える漢字
穰,人名用漢字
穰,名前に使える漢字
粫,国字※
膤,国字
臟,人名用漢字
臟,名前に使える漢字
與,人名用漢字
與,名前に使える漢字
衞,人名用漢字
衞,名前に使える漢字
裝,人名用漢字
裝,名前に使える漢字
覽,人名用漢字
覽,名前に使える漢字
謠,人名用漢字
謠,名前に使える漢字
讓,人名用漢字
讓,名前に使える漢字
賣,人名用漢字
賣,名前に使える漢字
醉,人名用漢字
醉,名前に使える漢字
陷,人名用漢字
陷,名前に使える漢字
險,人名用漢字
險,名前に使える漢字
靜,人名用漢字
靜,名前に使える漢字
騷,人名用漢字
騷,名前に使える漢字
驗,人名用漢字
驗,名前に使える漢字
髮,人名用漢字
髮,名前に使える漢字
欄,人名用漢字
欄,名前に使える漢字
虜,人名用漢字
虜,名前に使える漢字
類,人名用漢字
類,名前に使える漢字
廊,人名用漢字
廊,名前に使える漢字
朗,人名用漢字
朗,名前に使える漢字
猪,人名用漢字
猪,名前に使える漢字
神,人名用漢字
神,名前に使える漢字
祥,人名用漢字
祥,名前に使える漢字
福,人名用漢字
福,名前に使える漢字
諸,人名用漢字
諸,名前に使える漢字
都,人名用漢字
都,名前に使える漢字
侮,人名用漢字
侮,名前に使える漢字
僧,人名用漢字
僧,名前に使える漢字
勉,人名用漢字
勉,名前に使える漢字
勤,人名用漢字
勤,名前に使える漢字
卑,人名用漢字
卑,名前に使える漢字
嘆,人名用漢字
嘆,名前に使える漢字
器,人名用漢字
器,名前に使える漢字
墨,人名用漢字
墨,名前に使える漢字
層,人名用漢字
層,名前に使える漢字
悔,人名用漢字
悔,名前に使える漢字
憎,人名用漢字
憎,名前に使える漢字
懲,人名用漢字
懲,名前に使える漢字
敏,人名用漢字
敏,名前に使える漢字
暑,人名用漢字
暑,名前に使える漢字
梅,人名用漢字
梅,名前に使える漢字
海,人名用漢字
海,名前に使える漢字
渚,人名用漢字
渚,名前に使える漢字
漢,人名用漢字
漢,名前に使える漢字
煮,人名用漢字
煮,名前に使える漢字
琢,人名用漢字
琢,名前に使える漢字
碑,人名用漢字
碑,名前に使える漢字
社,人名用漢字
社,名前に使える漢字
祈,人名用漢字
祈,名前に使える漢字
祉,人名用漢字
祉,名前に使える漢字
祐,人名用漢字
祐,名前に使える漢字
祖,人名用漢字
祖,名前に使える漢字
祝,人名用漢字
祝,名前に使える漢字
禍,人名用漢字
禍,名前に使える漢字
禎,人名用漢字
禎,名前に使える漢字
穀,人名用漢字
穀,名前に使える漢字
突,人名用漢字
突,名前に使える漢字
節,人名用漢字
節,名前に使える漢字
練,人名用漢字
練,名前に使える漢字
繁,人名用漢字
繁,名前に使える漢字
署,人名用漢字
署,名前に使える漢字
者,人名用漢字
者,名前に使える漢字
臭,人名用漢字
臭,名前に使える漢字
著,人名用漢字
著,名前に使える漢字
視,人名用漢字
視,名前に使える漢字
謁,人名用漢字
謁,名前に使える漢字
謹,人名用漢字
謹,名前に使える漢字
賓,人名用漢字
賓,名前に使える漢字
贈,人名用漢字
贈,名前に使える漢字
逸,人名用漢字
逸,名前に使える漢字
難,人名用漢字
難,名前に使える漢字
響,人名用漢字
響,名前に使える漢字
增,人名用漢字
增,名前に使える漢字
寬,人名用漢字
寬,名前に使える漢字
德,人名用漢字
德,名前に使える漢字
橫,人名用漢字
橫,名前に使える漢字
瀨,人名用漢字
瀨,名前に使える漢字
綠,人名用漢字
綠,名前に使える漢字
緖,人名用漢字
緖,名前に使える漢字
薰,人名用漢字
薰,名前に使える漢字
賴,人名用漢字
賴,名前に使える漢字
郞,人名用漢字
郞,名前に使える漢字
黑,人名用漢字
黑,名前に使える漢字
俠,人名用漢字
俠,名前に使える漢字
俱,人名用漢字
俱,名前に使える漢字
卽,人名用漢字
卽,名前に使える漢字
吞,人名用漢字
吞,名前に使える漢字
巢,人名用漢字
巢,名前に使える漢字
徵,人名用漢字
徵,名前に使える漢字
揭,人名用漢字
揭,名前に使える漢字
摑,人名用漢字
摑,名前に使える漢字
擊,人名用漢字
擊,名前に使える漢字
晚,人名用漢字
晚,名前に使える漢字
曆,人名用漢字
曆,名前に使える漢字
步,人名用漢字
步,名前に使える漢字
歷,人名用漢字
歷,名前に使える漢字
每,人名用漢字
每,名前に使える漢字
涉,人名用漢字
涉,名前に使える漢字
淚,人名用漢字
淚,名前に使える漢字
渴,人名用漢字
渴,名前に使える漢字
溫,人名用漢字
溫,名前に使える漢字
焰,人名用漢字
焰,名前に使える漢字
狀,人名用漢字
狀,名前に使える漢字
瘦,人名用漢字
瘦,名前に使える漢字
禱,人名用漢字
禱,名前に使える漢字
簞,人名用漢字
簞,名前に使える漢字
緣,人名用漢字
緣,名前に使える漢字
繡,人名用漢字
繡,名前に使える漢字
繫,人名用漢字
繫,名前に使える漢字
萊,人名用漢字
萊,名前に使える漢字
蔣,人名用漢字
蔣,名前に使える漢字
虛,人名用漢字
虛,名前に使える漢字
蟬,人名用漢字
蟬,名前に使える漢字
蠟,人名用漢字
蠟,名前に使える漢字
醬,人名用漢字
醬,名前に使える漢字
錄,人名用漢字
錄,名前に使える漢字
鍊,人名用漢字
鍊,名前に使える漢字
顚,人名用漢字
顚,名前に使える漢字
鷗,人名用漢字
鷗,名前に使える漢字
黃,人名用漢字
黃,名前に使える漢字
剝,常用漢字
剝,名前に使える漢字
頰,常用漢字
頰,名前に使える漢字
塡,常用漢字
塡,名前に使える漢字
乄,国字
〆,国字
魞,国字
魹,国字
魸,国字
鮇,国字※
鮱,国字
鮲,国字
鯎,国字
鯐,国字
鯳,国字
鰙,国字※
鰚,国字
鰘,国字
鱛,国字
鱫,国字
鱜,国字
鱪,国字
鱰,国字
鱩,国字
鵇,国字
鵥,国字
鶍,国字
鶎,国字
釻,国字
鈨,国字
銯,国字
鎺,国字
鏱,国字
靎,国字
靍,国字
誮,国字
躮,国字
躵,国字
﨤,国字
酛,国字
笽,国字
簱,国字
籡,国字
粏,国字
䋆,国字
縨,国字
艠,国字
苆,国字
荢,国字
䓔,国字
萙,国字
蒅,国字
蓜,国字
薭,国字
﨡,国字
螧,国字
蟎,国字
蟵,国字
褜,国字
襅,国字
琓,国字
穝,国字
扖,国字
挘,国字
脵,国字
杦,国字
桛,国字
梻,国字
楿,国字
榀,国字
樰,国字
橳,国字
櫤,国字
㓇,国字
毮,国字
婲,国字
嵙,国字
幉,国字
枬,国字
炻,国字
